,Sample_ID,gene_categories,tpm.x,Genus,sampleID_num,gene_num,x,value,r,Kingdom,Phylum,Class,Order,Family,Genus
49,lvp4,Hydrogenase_maturation_proteins_hypABCDEF,39.2527263035,Desulfurobacterium,2,13,2,39.2527263035,4.99890604874118,Bacteria,Aquificota,Desulfurobacteriia,Desulfurobacteriales,Desulfurobacteriaceae,Desulfurobacterium
133,lvp4,Hydrogenase_maturation_proteins_hypABCDEF,4.80219523925,Hydrogenobacter,2,13,2,4.80219523925,1.74847717745357,Bacteria,Aquificota,Aquificae,Aquificales,Aquificaceae,Hydrogenobacter
29,cv88,alkyl_hydroperoxide_reductase_subunit_C_ahp,2.00427456568,Persephonella,1,2,1,2.00427456568,1.12958435619715,Bacteria,Aquificota,Aquificae,Hydrogenothermales,Hydrogenothermaceae,Persephonella
302,lvp4,Periplasmic_nitrate_reductase_napABCDFGH,55.2929919015,Persephonella,2,19,2,55.2929919015,5.93301035881916,Bacteria,Aquificota,Aquificae,Hydrogenothermales,Hydrogenothermaceae,Persephonella
1,cv88,Periplasmic_nitrate_reductase_napABCDFGH,0,Sulfurihydrogenibium,1,19,1,0,0,Bacteria,Aquificota,Aquificae,Hydrogenothermales,Hydrogenothermaceae,Sulfurihydrogenibium
4532,lvp4,Methylmalonyl_CoA_mutase_mcm,39.2527263035,Acetobacteroides,2,17,2,39.2527263035,4.99890604874118,Bacteria,Bacteroidota,Bacteroidia,Bacteroidales,Williamwhitmaniaceae,Acetobacteroides
5671,lvp4,Pyruvate_ferredoxin_oxidoreductase_pfor,9.0281270498,Acetobacteroides,2,21,2,9.0281270498,2.39739112106249,Bacteria,Bacteroidota,Bacteroidia,Bacteroidales,Williamwhitmaniaceae,Acetobacteroides
5795,lvp4,TypeIV_hydrogenase_hyfBEF,23.6624297676,Acetobacteroides,2,28,2,23.6624297676,3.88123313552708,Bacteria,Bacteroidota,Bacteroidia,Bacteroidales,Williamwhitmaniaceae,Acetobacteroides
2092,lvp4,L_lactate_dehydrogenase_complex_protein_LldEFG,48.9023548531,Algoriphagus,2,15,2,48.9023548531,5.57962418222045,Bacteria,Bacteroidota,Bacteroidia,Cytophagales,Cyclobacteriaceae,Algoriphagus
4636,lvp4,Methylmalonyl_CoA_mutase_mcm,18.5002603479,Alistipes,2,17,2,18.5002603479,3.43185540654339,Bacteria,Bacteroidota,Bacteroidia,Bacteroidales,Rikenellaceae,Alistipes
952,cv88,alkyl_hydroperoxide_reductase_subunit_C_ahp,2.11719144262,Chlorobium,1,2,1,2.11719144262,1.16096767149621,Bacteria,Bacteroidota,Chlorobia,Chlorobiales,Chlorobiaceae,Chlorobium
2742,lvp4,L_lactate_dehydrogenase_complex_protein_LldEFG,80.0882238288,Flammeovirga,2,15,2,80.0882238288,7.14043043683044,Bacteria,Bacteroidota,Bacteroidia,Cytophagales,Flammeovirgaceae,Flammeovirga
3392,lvp4,L_lactate_dehydrogenase_complex_protein_LldEFG,50.3895463244,Flexithrix,2,15,2,50.3895463244,5.66383099242423,Bacteria,Bacteroidota,Bacteroidia,Cytophagales,Flammeovirgaceae,Flexithrix
5775,lvp4,Two_oxoglutarate_ferredoxin_oxidoreductase_korABGD,22.228343115,Lentimicrobium,2,27,2,22.228343115,3.76178185624576,Bacteria,Bacteroidota,Bacteroidia,Sphingobacteriales,Lentimicrobiaceae,Lentimicrobium
5691,lvp4,Sulfide_quinone_oxidoreductase_sqr,6.68750151837,Lutibacter,2,22,2,6.68750151837,2.0633457524934,Bacteria,Bacteroidota,Bacteroidia,Flavobacteriales,Flavobacteriaceae,Lutibacter
8186,cv88,Cytochrome_c_oxidase_cbb3_type,374.094850345128,Arcobacter,1,7,1,374.094850345128,19.3198755305363,Bacteria,Campylobacterota,Campylobacteria,Campylobacterales,Arcobacteraceae,Arcobacter
10726,cv88,Cytochrome_d_ubiquinol_oxidase,4.5365043828,Arcobacter,1,9,1,4.5365043828,1.69942001504121,Bacteria,Campylobacterota,Campylobacteria,Campylobacterales,Arcobacteraceae,Arcobacter
13019,cv88,Formate_dehydrogenase_fdh,3.11475101423,Arcobacter,1,11,1,3.11475101423,1.4081591109178,Bacteria,Campylobacterota,Campylobacteria,Campylobacterales,Arcobacteraceae,Arcobacter
20476,cv88,Hydrogenase_maturation_proteins_hypABCDEF,3.454664737639,Arcobacter,1,13,1,3.454664737639,8.79436383559979,Bacteria,Campylobacterota,Campylobacteria,Campylobacterales,Arcobacteraceae,Arcobacter
27430,cv88,Periplasmic_nitrate_reductase_napABCDFGH,180.215861519136,Arcobacter,1,19,1,180.215861519136,17.7464034887172,Bacteria,Campylobacterota,Campylobacteria,Campylobacterales,Arcobacteraceae,Arcobacter
30369,cv88,Pyruvate_ferredoxin_oxidoreductase_pfor,102.885797242598,Arcobacter,1,21,1,102.885797242598,9.62771613533451,Bacteria,Campylobacterota,Campylobacteria,Campylobacterales,Arcobacteraceae,Arcobacter
33215,cv88,Sulfide_quinone_oxidoreductase_sqr,18.601971868586,Arcobacter,1,22,1,18.601971868586,8.32185788091218,Bacteria,Campylobacterota,Campylobacteria,Campylobacterales,Arcobacteraceae,Arcobacter
34475,cv88,Sulfur_oxidizing_protein_soxABCXYZ,258.341842038821,Arcobacter,1,23,1,258.341842038821,13.94544236454,Bacteria,Campylobacterota,Campylobacteria,Campylobacterales,Arcobacteraceae,Arcobacter
35804,cv88,Two_oxoglutarate_ferredoxin_oxidoreductase_korABGD,5.67096306748,Arcobacter,1,27,1,5.67096306748,9.18249914616382,Bacteria,Campylobacterota,Campylobacteria,Campylobacterales,Arcobacteraceae,Arcobacter
41660,cv88,alkyl_hydroperoxide_reductase_subunit_C_ahp,105.90125277139,Arcobacter,1,2,1,105.90125277139,9.67011500023945,Bacteria,Campylobacterota,Campylobacteria,Campylobacterales,Arcobacteraceae,Arcobacter
44990,cv88,cytochrome_c_peroxidase,6.265288104318,Arcobacter,1,8,1,6.265288104318,1.9971495404171,Bacteria,Campylobacterota,Campylobacteria,Campylobacterales,Arcobacteraceae,Arcobacter
51147,cv88,superoxide_reductase,138.382971856908,Arcobacter,1,25,1,138.382971856908,11.1667757914141,Bacteria,Campylobacterota,Campylobacteria,Campylobacterales,Arcobacteraceae,Arcobacter
56619,lvp4,Assimilatory_nitrate_reductase_catalytic_subunite_nas,9.72858518297,Arcobacter,2,3,2,9.72858518297,2.4886562005711,Bacteria,Campylobacterota,Campylobacteria,Campylobacterales,Arcobacteraceae,Arcobacter
57360,lvp4,Cytochrome_c_oxidase_cbb3_type,212.2168017848,Arcobacter,2,7,2,212.2168017848,19.3198755305363,Bacteria,Campylobacterota,Campylobacteria,Campylobacterales,Arcobacteraceae,Arcobacter
64072,lvp4,Hydrogenase_maturation_proteins_hypABCDEF,118.03203522029,Arcobacter,2,13,2,118.03203522029,8.79436383559979,Bacteria,Campylobacterota,Campylobacteria,Campylobacterales,Arcobacteraceae,Arcobacter
68432,lvp4,L_lactate_dehydrogenase_complex_protein_LldEFG,36.5664363749,Arcobacter,2,15,2,36.5664363749,4.82482293988935,Bacteria,Campylobacterota,Campylobacteria,Campylobacterales,Arcobacteraceae,Arcobacter
69777,lvp4,Methylenetetrahydrofolate_reductase_metF,11.0099110363,Arcobacter,2,16,2,11.0099110363,2.6474756009672,Bacteria,Campylobacterota,Campylobacteria,Campylobacterales,Arcobacteraceae,Arcobacter
70700,lvp4,Nitric_oxide_reductase_norBCDEQW,6.90928090546,Arcobacter,2,18,2,6.90928090546,2.09728034302942,Bacteria,Campylobacterota,Campylobacteria,Campylobacterales,Arcobacteraceae,Arcobacter
72676,lvp4,Periplasmic_nitrate_reductase_napABCDFGH,314.48262328148,Arcobacter,2,19,2,314.48262328148,17.7464034887172,Bacteria,Campylobacterota,Campylobacteria,Campylobacterales,Arcobacteraceae,Arcobacter
76123,lvp4,Pyruvate_ferredoxin_oxidoreductase_pfor,42.71589784434,Arcobacter,2,21,2,42.71589784434,9.62771613533451,Bacteria,Campylobacterota,Campylobacteria,Campylobacterales,Arcobacteraceae,Arcobacter
78205,lvp4,Sulfide_quinone_oxidoreductase_sqr,90.1808865911,Arcobacter,2,22,2,90.1808865911,8.32185788091218,Bacteria,Campylobacterota,Campylobacteria,Campylobacterales,Arcobacteraceae,Arcobacter
78484,lvp4,Sulfur_oxidizing_protein_soxABCXYZ,47.13934340953,Arcobacter,2,23,2,47.13934340953,13.94544236454,Bacteria,Campylobacterota,Campylobacteria,Campylobacterales,Arcobacteraceae,Arcobacter
78793,lvp4,Two_oxoglutarate_ferredoxin_oxidoreductase_korABGD,126.7758980404,Arcobacter,2,27,2,126.7758980404,9.18249914616382,Bacteria,Campylobacterota,Campylobacteria,Campylobacterales,Arcobacteraceae,Arcobacter
82176,lvp4,alkyl_hydroperoxide_reductase_subunit_C_ahp,40.9856775074,Arcobacter,2,2,2,40.9856775074,9.67011500023945,Bacteria,Campylobacterota,Campylobacteria,Campylobacterales,Arcobacteraceae,Arcobacter
88369,lvp4,superoxide_reductase,57.490431685,Arcobacter,2,25,2,57.490431685,11.1667757914141,Bacteria,Campylobacterota,Campylobacteria,Campylobacterales,Arcobacteraceae,Arcobacter
5964,cv88,ATP_citrate_lyase_aclAB,13.59949183383,Caminibacter,1,4,1,13.59949183383,2.9423978989198,Bacteria,Campylobacterota,Campylobacteria,Nautiliales,Nautiliaceae,Caminibacter
10754,cv88,Cytochrome_d_ubiquinol_oxidase,66.089176099207,Caminibacter,1,9,1,66.089176099207,6.48642245342054,Bacteria,Campylobacterota,Campylobacteria,Nautiliales,Nautiliaceae,Caminibacter
13669,cv88,Formate_dehydrogenase_fdh,1.11348586982,Caminibacter,1,11,1,1.11348586982,0.841942468924883,Bacteria,Campylobacterota,Campylobacteria,Nautiliales,Nautiliaceae,Caminibacter
21230,cv88,Hydroxylamine_reductase_har,124.89814472537,Caminibacter,1,14,1,124.89814472537,8.91698539104995,Bacteria,Campylobacterota,Campylobacteria,Nautiliales,Nautiliaceae,Caminibacter
27441,cv88,Periplasmic_nitrate_reductase_napABCDFGH,96.394672316784,Caminibacter,1,19,1,96.394672316784,7.8336935316464,Bacteria,Campylobacterota,Campylobacteria,Nautiliales,Nautiliaceae,Caminibacter
29576,cv88,Polysulfide_reductase_psrA,8.22123733884,Caminibacter,1,20,1,8.22123733884,2.28775047661063,Bacteria,Campylobacterota,Campylobacteria,Nautiliales,Nautiliaceae,Caminibacter
30473,cv88,Pyruvate_ferredoxin_oxidoreductase_pfor,44.00743684254,Caminibacter,1,21,1,44.00743684254,5.29301468212384,Bacteria,Campylobacterota,Campylobacteria,Nautiliales,Nautiliaceae,Caminibacter
33216,cv88,Sulfide_quinone_oxidoreductase_sqr,7.10027806488,Caminibacter,1,22,1,7.10027806488,2.12607088438049,Bacteria,Campylobacterota,Campylobacteria,Nautiliales,Nautiliaceae,Caminibacter
36454,cv88,Two_oxoglutarate_ferredoxin_oxidoreductase_korABGD,5.106541227478,Caminibacter,1,27,1,5.106541227478,1.80303219988516,Bacteria,Campylobacterota,Campylobacteria,Nautiliales,Nautiliaceae,Caminibacter
53060,cv88,thiol_peroxidase,18.4576657715,Caminibacter,1,26,1,18.4576657715,3.42790241720636,Bacteria,Campylobacterota,Campylobacteria,Nautiliales,Nautiliaceae,Caminibacter
8370,cv88,Cytochrome_c_oxidase_cbb3_type,2.938105572469,Campylobacter,1,7,1,2.938105572469,1.36764618989603,Bacteria,Campylobacterota,Campylobacteria,Campylobacterales,Campylobacteraceae,Campylobacter
37594,cv88,Two_oxoglutarate_ferredoxin_oxidoreductase_korABGD,0,Campylobacter,1,27,1,0,0,Bacteria,Campylobacterota,Campylobacteria,Campylobacterales,Campylobacteraceae,Campylobacter
41661,cv88,alkyl_hydroperoxide_reductase_subunit_C_ahp,16.3986100828,Campylobacter,1,2,1,16.3986100828,3.23104927508957,Bacteria,Campylobacterota,Campylobacteria,Campylobacterales,Campylobacteraceae,Campylobacter
45010,cv88,cytochrome_c_peroxidase,2.70313346029,Campylobacter,1,8,1,2.70313346029,1.31181866436219,Bacteria,Campylobacterota,Campylobacteria,Campylobacterales,Campylobacteraceae,Campylobacter
58732,lvp4,Cytochrome_d_ubiquinol_oxidase,5.12961764193,Campylobacter,2,9,2,5.12961764193,1.80710155097554,Bacteria,Campylobacterota,Campylobacteria,Campylobacterales,Campylobacteraceae,Campylobacter
64092,lvp4,Hydrogenase_maturation_proteins_hypABCDEF,7.9194096928,Campylobacter,2,13,2,7.9194096928,2.24536250879807,Bacteria,Campylobacterota,Campylobacteria,Campylobacterales,Campylobacteraceae,Campylobacter
72780,lvp4,Periplasmic_nitrate_reductase_napABCDFGH,16.7878395554,Campylobacter,2,19,2,16.7878395554,3.26916971053848,Bacteria,Campylobacterota,Campylobacteria,Campylobacterales,Campylobacteraceae,Campylobacter
25337,cv88,Methylenetetrahydrofolate_reductase_metF,4.29487406931,Helicobacter,1,16,1,4.29487406931,1.65354218342066,Bacteria,Campylobacterota,Campylobacteria,Campylobacterales,Helicobacteraceae,Helicobacter
30501,cv88,Pyruvate_ferredoxin_oxidoreductase_pfor,1.23640314116,Helicobacter,1,21,1,1.23640314116,0.887197095509133,Bacteria,Campylobacterota,Campylobacteria,Campylobacterales,Helicobacteraceae,Helicobacter
37595,cv88,Two_oxoglutarate_ferredoxin_oxidoreductase_korABGD,0,Helicobacter,1,27,1,0,0,Bacteria,Campylobacterota,Campylobacteria,Campylobacterales,Helicobacteraceae,Helicobacter
41662,cv88,alkyl_hydroperoxide_reductase_subunit_C_ahp,0,Hippea,1,2,1,0,0,Bacteria,Campylobacterota,Desulfurellia,Desulfurellales,Hippeaceae,Hippea
6614,cv88,ATP_citrate_lyase_aclAB,15.686809740355,Hydrogenimonas,1,4,1,15.686809740355,4.6463531505301,Bacteria,Campylobacterota,Campylobacteria,Campylobacterales,Hydrogenimonadaceae,Hydrogenimonas
8395,cv88,Cytochrome_c_oxidase_cbb3_type,10.93134532968,Hydrogenimonas,1,7,1,10.93134532968,4.4504083736373,Bacteria,Campylobacterota,Campylobacteria,Campylobacterales,Hydrogenimonadaceae,Hydrogenimonas
10765,cv88,Cytochrome_d_ubiquinol_oxidase,27.205713850329,Hydrogenimonas,1,9,1,27.205713850329,5.98831920747149,Bacteria,Campylobacterota,Campylobacteria,Campylobacterales,Hydrogenimonadaceae,Hydrogenimonas
11688,cv88,Cytochrome_oxidase,0,Hydrogenimonas,1,10,1,0,5.79411368811131,Bacteria,Campylobacterota,Campylobacteria,Campylobacterales,Hydrogenimonadaceae,Hydrogenimonas
29604,cv88,Polysulfide_reductase_psrA,3.45393547201,Hydrogenimonas,1,20,1,3.45393547201,7.16666656298227,Bacteria,Campylobacterota,Campylobacteria,Campylobacterales,Hydrogenimonadaceae,Hydrogenimonas
31141,cv88,Pyruvate_ferredoxin_oxidoreductase_pfor,1.315441640328,Hydrogenimonas,1,21,1,1.315441640328,6.88496198713872,Bacteria,Campylobacterota,Campylobacteria,Campylobacterales,Hydrogenimonadaceae,Hydrogenimonas
33320,cv88,Sulfide_quinone_oxidoreductase_sqr,4.920222935562,Hydrogenimonas,1,22,1,4.920222935562,8.84348734081816,Bacteria,Campylobacterota,Campylobacteria,Campylobacterales,Hydrogenimonadaceae,Hydrogenimonas
37699,cv88,Two_oxoglutarate_ferredoxin_oxidoreductase_korABGD,52.4178372334,Hydrogenimonas,1,27,1,52.4178372334,7.26706623424958,Bacteria,Campylobacterota,Campylobacteria,Campylobacterales,Hydrogenimonadaceae,Hydrogenimonas
41746,cv88,alkyl_hydroperoxide_reductase_subunit_C_ahp,2.67236608757,Hydrogenimonas,1,2,1,2.67236608757,1.30433166424482,Bacteria,Campylobacterota,Campylobacteria,Campylobacterales,Hydrogenimonadaceae,Hydrogenimonas
45094,cv88,cytochrome_c_peroxidase,35.16899131373,Hydrogenimonas,1,8,1,35.16899131373,4.73173068174259,Bacteria,Campylobacterota,Campylobacteria,Campylobacterales,Hydrogenimonadaceae,Hydrogenimonas
53080,cv88,thiol_peroxidase,15.5888021775,Hydrogenimonas,1,26,1,15.5888021775,3.1502602580935,Bacteria,Campylobacterota,Campylobacteria,Campylobacterales,Hydrogenimonadaceae,Hydrogenimonas
54222,lvp4,ATP_citrate_lyase_aclAB,18.2244800695,Hydrogenimonas,2,4,2,18.2244800695,4.6463531505301,Bacteria,Campylobacterota,Campylobacteria,Campylobacterales,Hydrogenimonadaceae,Hydrogenimonas
56639,lvp4,Assimilatory_nitrate_reductase_catalytic_subunite_nas,13.2766574262,Hydrogenimonas,2,3,2,13.2766574262,2.90726377001981,Bacteria,Campylobacterota,Campylobacteria,Campylobacterales,Hydrogenimonadaceae,Hydrogenimonas
57544,lvp4,Cytochrome_c_oxidase_cbb3_type,20.18005829274,Hydrogenimonas,2,7,2,20.18005829274,4.4504083736373,Bacteria,Campylobacterota,Campylobacteria,Campylobacterales,Hydrogenimonadaceae,Hydrogenimonas
58752,lvp4,Cytochrome_d_ubiquinol_oxidase,29.1229904832,Hydrogenimonas,2,9,2,29.1229904832,5.98831920747149,Bacteria,Campylobacterota,Campylobacteria,Campylobacterales,Hydrogenimonadaceae,Hydrogenimonas
59413,lvp4,Cytochrome_oxidase,52.7343869731,Hydrogenimonas,2,10,2,52.7343869731,5.79411368811131,Bacteria,Campylobacterota,Campylobacteria,Campylobacterales,Hydrogenimonadaceae,Hydrogenimonas
60753,lvp4,Formate_dehydrogenase_fdh,72.0329285888,Hydrogenimonas,2,11,2,72.0329285888,6.77182298950379,Bacteria,Campylobacterota,Campylobacteria,Campylobacterales,Hydrogenimonadaceae,Hydrogenimonas
67207,lvp4,Hydroxylamine_reductase_har,36.1754219765,Hydrogenimonas,2,14,2,36.1754219765,4.79895706419433,Bacteria,Campylobacterota,Campylobacteria,Campylobacterales,Hydrogenimonadaceae,Hydrogenimonas
73815,lvp4,Periplasmic_nitrate_reductase_napABCDFGH,220.2154763208,Hydrogenimonas,2,19,2,220.2154763208,11.8403347253009,Bacteria,Campylobacterota,Campylobacteria,Campylobacterales,Hydrogenimonadaceae,Hydrogenimonas
73980,lvp4,Polysulfide_reductase_psrA,77.223906867,Hydrogenimonas,2,20,2,77.223906867,7.16666656298227,Bacteria,Campylobacterota,Campylobacteria,Campylobacterales,Hydrogenimonadaceae,Hydrogenimonas
76124,lvp4,Pyruvate_ferredoxin_oxidoreductase_pfor,73.1445478571,Hydrogenimonas,2,21,2,73.1445478571,6.88496198713872,Bacteria,Campylobacterota,Campylobacteria,Campylobacterales,Hydrogenimonadaceae,Hydrogenimonas
78309,lvp4,Sulfide_quinone_oxidoreductase_sqr,117.9274669129,Hydrogenimonas,2,22,2,117.9274669129,8.84348734081816,Bacteria,Campylobacterota,Campylobacteria,Campylobacterales,Hydrogenimonadaceae,Hydrogenimonas
79443,lvp4,Two_oxoglutarate_ferredoxin_oxidoreductase_korABGD,30.5363120802,Hydrogenimonas,2,27,2,30.5363120802,7.26706623424958,Bacteria,Campylobacterota,Campylobacteria,Campylobacterales,Hydrogenimonadaceae,Hydrogenimonas
10849,cv88,Cytochrome_d_ubiquinol_oxidase,197.550856419499,Nautilia,1,9,1,197.550856419499,11.2144897897676,Bacteria,Campylobacterota,Campylobacteria,Nautiliales,Nautiliaceae,Nautilia
14809,cv88,Formate_dehydrogenase_fdh,0.657139201861,Nautilia,1,11,1,0.657139201861,0.646798120824855,Bacteria,Campylobacterota,Campylobacteria,Nautiliales,Nautiliaceae,Nautilia
21414,cv88,Hydroxylamine_reductase_har,110.670373492714,Nautilia,1,14,1,110.670373492714,8.39374457442963,Bacteria,Campylobacterota,Campylobacteria,Nautiliales,Nautiliaceae,Nautilia
27525,cv88,Periplasmic_nitrate_reductase_napABCDFGH,112.963967648945,Nautilia,1,19,1,112.963967648945,10.5446465398603,Bacteria,Campylobacterota,Campylobacteria,Nautiliales,Nautiliaceae,Nautilia
29624,cv88,Polysulfide_reductase_psrA,45.031271356952,Nautilia,1,20,1,45.031271356952,5.3542317582157,Bacteria,Campylobacterota,Campylobacteria,Nautiliales,Nautiliaceae,Nautilia
31161,cv88,Pyruvate_ferredoxin_oxidoreductase_pfor,94.431374746431,Nautilia,1,21,1,94.431374746431,7.75350761239264,Bacteria,Campylobacterota,Campylobacteria,Nautiliales,Nautiliaceae,Nautilia
37727,cv88,Two_oxoglutarate_ferredoxin_oxidoreductase_korABGD,84.135587011026,Nautilia,1,27,1,84.135587011026,7.31863226641237,Bacteria,Campylobacterota,Campylobacteria,Nautiliales,Nautiliaceae,Nautilia
51231,cv88,superoxide_reductase,16.937913552048,Nautilia,1,25,1,16.937913552048,3.28374948342388,Bacteria,Campylobacterota,Campylobacteria,Nautiliales,Nautiliaceae,Nautilia
53219,cv88,thiol_peroxidase,44.73988528493,Nautilia,1,26,1,44.73988528493,5.33688069810857,Bacteria,Campylobacterota,Campylobacteria,Nautiliales,Nautiliaceae,Nautilia
55362,lvp4,ATP_citrate_lyase_aclAB,0,Nautilia,2,4,2,0,0,Bacteria,Campylobacterota,Campylobacteria,Nautiliales,Nautiliaceae,Nautilia
64176,lvp4,Hydrogenase_maturation_proteins_hypABCDEF,66.6799353851,Nautilia,2,13,2,66.6799353851,6.51534843936588,Bacteria,Campylobacterota,Campylobacteria,Nautiliales,Nautiliaceae,Nautilia
68616,lvp4,L_lactate_dehydrogenase_complex_protein_LldEFG,66.9769588044,Nautilia,2,15,2,66.9769588044,6.52984351021753,Bacteria,Campylobacterota,Campylobacteria,Nautiliales,Nautiliaceae,Nautilia
73834,lvp4,Periplasmic_nitrate_reductase_napABCDFGH,61.6922015069,Nautilia,2,19,2,61.6922015069,10.5446465398603,Bacteria,Campylobacterota,Campylobacteria,Nautiliales,Nautiliaceae,Nautilia
81153,lvp4,TypeIV_hydrogenase_hyfBEF,142.4862658825,Nautilia,2,28,2,142.4862658825,9.52415739851163,Bacteria,Campylobacterota,Campylobacteria,Nautiliales,Nautiliaceae,Nautilia
6798,cv88,ATP_citrate_lyase_aclAB,96.786933327733,Nitratifractor,1,4,1,96.786933327733,7.84961626216579,Bacteria,Campylobacterota,Campylobacteria,Campylobacterales,Sulfurovaceae,Nitratifractor
8415,cv88,Cytochrome_c_oxidase_cbb3_type,93.39123159935,Nitratifractor,1,7,1,93.39123159935,16.7946023265503,Bacteria,Campylobacterota,Campylobacteria,Campylobacterales,Sulfurovaceae,Nitratifractor
10869,cv88,Cytochrome_d_ubiquinol_oxidase,7.31334579971,Nitratifractor,1,9,1,7.31334579971,2.15773504820606,Bacteria,Campylobacterota,Campylobacteria,Campylobacterales,Sulfurovaceae,Nitratifractor
14810,cv88,Formate_dehydrogenase_fdh,3.37257739417,Nitratifractor,1,11,1,3.37257739417,9.85252455714631,Bacteria,Campylobacterota,Campylobacteria,Campylobacterales,Sulfurovaceae,Nitratifractor
22554,cv88,Hydroxylamine_reductase_har,0.379597455621,Nitratifractor,1,14,1,0.379597455621,8.61717580059345,Bacteria,Campylobacterota,Campylobacteria,Campylobacterales,Sulfurovaceae,Nitratifractor
25252,cv88,L_lactate_dehydrogenase_complex_protein_LldEFG,3.41637710058,Nitratifractor,1,15,1,3.41637710058,10.1467400925488,Bacteria,Campylobacterota,Campylobacteria,Campylobacterales,Sulfurovaceae,Nitratifractor
27296,cv88,Nitric_oxide_reductase_norBCDEQW,10.66910845386,Nitratifractor,1,18,1,10.66910845386,5.60181515597156,Bacteria,Campylobacterota,Campylobacteria,Campylobacterales,Sulfurovaceae,Nitratifractor
27545,cv88,Periplasmic_nitrate_reductase_napABCDFGH,64.375621182125,Nitratifractor,1,19,1,64.375621182125,15.2059151539587,Bacteria,Campylobacterota,Campylobacteria,Campylobacterales,Sulfurovaceae,Nitratifractor
29635,cv88,Polysulfide_reductase_psrA,1.00213728284,Nitratifractor,1,20,1,1.00213728284,8.42265234412388,Bacteria,Campylobacterota,Campylobacteria,Campylobacterales,Sulfurovaceae,Nitratifractor
31172,cv88,Pyruvate_ferredoxin_oxidoreductase_pfor,267.458616623897,Nitratifractor,1,21,1,267.458616623897,28.3996673091449,Bacteria,Campylobacterota,Campylobacteria,Campylobacterales,Sulfurovaceae,Nitratifractor
33348,cv88,Sulfide_quinone_oxidoreductase_sqr,36.870967012066,Nitratifractor,1,22,1,36.870967012066,5.05227271138887,Bacteria,Campylobacterota,Campylobacteria,Campylobacterales,Sulfurovaceae,Nitratifractor
35615,cv88,Sulfur_oxidizing_protein_soxABCXYZ,37.680489387701,Nitratifractor,1,23,1,37.680489387701,6.00044341330145,Bacteria,Campylobacterota,Campylobacteria,Campylobacterales,Sulfurovaceae,Nitratifractor
38762,cv88,Two_oxoglutarate_ferredoxin_oxidoreductase_korABGD,1.34903095767,Nitratifractor,1,27,1,1.34903095767,0.926725299745667,Bacteria,Campylobacterota,Campylobacteria,Campylobacterales,Sulfurovaceae,Nitratifractor
39686,cv88,TypeIV_hydrogenase_hyfBEF,1.07824897521,Nitratifractor,1,28,1,1.07824897521,7.90989434257206,Bacteria,Campylobacterota,Campylobacteria,Campylobacterales,Sulfurovaceae,Nitratifractor
42396,cv88,alkyl_hydroperoxide_reductase_subunit_C_ahp,206.101744708301,Nitratifractor,1,2,1,206.101744708301,12.2521281329182,Bacteria,Campylobacterota,Campylobacteria,Campylobacterales,Sulfurovaceae,Nitratifractor
44978,cv88,catalase_peroxidase,1.25267160355,Nitratifractor,1,6,1,1.25267160355,0.893014843719484,Bacteria,Campylobacterota,Campylobacteria,Campylobacterales,Sulfurovaceae,Nitratifractor
58684,lvp4,Cytochrome_c_oxidase_cbb3_type,349.6654869471,Nitratifractor,2,7,2,349.6654869471,16.7946023265503,Bacteria,Campylobacterota,Campylobacteria,Campylobacterales,Sulfurovaceae,Nitratifractor
61403,lvp4,Formate_dehydrogenase_fdh,149.1081408659,Nitratifractor,2,11,2,149.1081408659,9.85252455714631,Bacteria,Campylobacterota,Campylobacteria,Campylobacterales,Sulfurovaceae,Nitratifractor
64826,lvp4,Hydrogenase_maturation_proteins_hypABCDEF,76.39571515062,Nitratifractor,2,13,2,76.39571515062,6.9738814722539,Bacteria,Campylobacterota,Campylobacteria,Campylobacterales,Sulfurovaceae,Nitratifractor
67391,lvp4,Hydroxylamine_reductase_har,116.2610128449,Nitratifractor,2,14,2,116.2610128449,8.61717580059345,Bacteria,Campylobacterota,Campylobacteria,Campylobacterales,Sulfurovaceae,Nitratifractor
69756,lvp4,L_lactate_dehydrogenase_complex_protein_LldEFG,158.3070549613,Nitratifractor,2,15,2,158.3070549613,10.1467400925488,Bacteria,Campylobacterota,Campylobacteria,Campylobacterales,Sulfurovaceae,Nitratifractor
70884,lvp4,Nitric_oxide_reductase_norBCDEQW,38.6230034216,Nitratifractor,2,18,2,38.6230034216,5.60181515597156,Bacteria,Campylobacterota,Campylobacteria,Campylobacterales,Sulfurovaceae,Nitratifractor
73835,lvp4,Periplasmic_nitrate_reductase_napABCDFGH,298.8236787854,Nitratifractor,2,19,2,298.8236787854,15.2059151539587,Bacteria,Campylobacterota,Campylobacteria,Campylobacterales,Sulfurovaceae,Nitratifractor
74149,lvp4,Polysulfide_reductase_psrA,110.43183883472,Nitratifractor,2,20,2,110.43183883472,8.42265234412388,Bacteria,Campylobacterota,Campylobacteria,Campylobacterales,Sulfurovaceae,Nitratifractor
76144,lvp4,Pyruvate_ferredoxin_oxidoreductase_pfor,999.4531858019,Nitratifractor,2,21,2,999.4531858019,28.3996673091449,Bacteria,Campylobacterota,Campylobacteria,Campylobacterales,Sulfurovaceae,Nitratifractor
78351,lvp4,Sulfide_quinone_oxidoreductase_sqr,3.22433108921,Nitratifractor,2,22,2,3.22433108921,5.05227271138887,Bacteria,Campylobacterota,Campylobacteria,Campylobacterales,Sulfurovaceae,Nitratifractor
78668,lvp4,Sulfur_oxidizing_protein_soxABCXYZ,18.87653682958,Nitratifractor,2,23,2,18.87653682958,6.00044341330145,Bacteria,Campylobacterota,Campylobacteria,Campylobacterales,Sulfurovaceae,Nitratifractor
81154,lvp4,TypeIV_hydrogenase_hyfBEF,97.20086711,Nitratifractor,2,28,2,97.20086711,7.90989434257206,Bacteria,Campylobacterota,Campylobacteria,Campylobacterales,Sulfurovaceae,Nitratifractor
83316,lvp4,alkyl_hydroperoxide_reductase_subunit_C_ahp,29.697786348,Nitratifractor,2,2,2,29.697786348,12.2521281329182,Bacteria,Campylobacterota,Campylobacteria,Campylobacterales,Sulfurovaceae,Nitratifractor
8591,cv88,Cytochrome_c_oxidase_cbb3_type,0.661584136938,Nitratiruptor,1,7,1,0.661584136938,0.648981927837342,Bacteria,Campylobacterota,Campylobacteria,Campylobacterales,Nitratiruptoraceae,Nitratiruptor
14914,cv88,Formate_dehydrogenase_fdh,3.19681793226,Nitratiruptor,1,11,1,3.19681793226,10.4102082998205,Bacteria,Campylobacterota,Campylobacteria,Campylobacterales,Nitratiruptoraceae,Nitratiruptor
22638,cv88,Hydroxylamine_reductase_har,1.69035204334,Nitratiruptor,1,14,1,1.69035204334,5.51852731569939,Bacteria,Campylobacterota,Campylobacteria,Campylobacterales,Nitratiruptoraceae,Nitratiruptor
27601,cv88,Periplasmic_nitrate_reductase_napABCDFGH,3.288383798915,Nitratiruptor,1,19,1,3.288383798915,1.44687599521262,Bacteria,Campylobacterota,Campylobacteria,Campylobacterales,Nitratiruptoraceae,Nitratiruptor
33368,cv88,Sulfide_quinone_oxidoreductase_sqr,6.47412719381,Nitratiruptor,1,22,1,6.47412719381,2.03016190989834,Bacteria,Campylobacterota,Campylobacteria,Campylobacterales,Nitratiruptoraceae,Nitratiruptor
45110,cv88,cytochrome_c_peroxidase,22.90347596196,Nitratiruptor,1,8,1,22.90347596196,3.81848211378937,Bacteria,Campylobacterota,Campylobacteria,Campylobacterales,Nitratiruptoraceae,Nitratiruptor
51335,cv88,superoxide_reductase,116.51537796075,Nitratiruptor,1,25,1,116.51537796075,8.61254860042574,Bacteria,Campylobacterota,Campylobacteria,Campylobacterales,Nitratiruptoraceae,Nitratiruptor
62543,lvp4,Formate_dehydrogenase_fdh,167.0342077907,Nitratiruptor,2,11,2,167.0342077907,10.4102082998205,Bacteria,Campylobacterota,Campylobacteria,Campylobacterales,Nitratiruptoraceae,Nitratiruptor
65010,lvp4,Hydrogenase_maturation_proteins_hypABCDEF,6.10008584446,Nitratiruptor,2,13,2,6.10008584446,1.97064336238773,Bacteria,Campylobacterota,Campylobacteria,Campylobacterales,Nitratiruptoraceae,Nitratiruptor
67761,lvp4,Hydroxylamine_reductase_har,46.1469050699,Nitratiruptor,2,14,2,46.1469050699,5.51852731569939,Bacteria,Campylobacterota,Campylobacteria,Campylobacterales,Nitratiruptoraceae,Nitratiruptor
69861,lvp4,Methylenetetrahydrofolate_reductase_metF,65.680818484,Nitratiruptor,2,16,2,65.680818484,6.46635196321701,Bacteria,Campylobacterota,Campylobacteria,Campylobacterales,Nitratiruptoraceae,Nitratiruptor
76228,lvp4,Pyruvate_ferredoxin_oxidoreductase_pfor,41.7060216974,Nitratiruptor,2,21,2,41.7060216974,5.15275441287048,Bacteria,Campylobacterota,Campylobacteria,Campylobacterales,Nitratiruptoraceae,Nitratiruptor
81258,lvp4,TypeIV_hydrogenase_hyfBEF,42.9910811895,Nitratiruptor,2,28,2,42.9910811895,5.23153632508613,Bacteria,Campylobacterota,Campylobacteria,Campylobacterales,Nitratiruptoraceae,Nitratiruptor
87209,lvp4,alkyl_hydroperoxide_reductase_subunit_C_ahp,6.54212105058,Nitratiruptor,2,2,2,6.54212105058,2.04079484858753,Bacteria,Campylobacterota,Campylobacteria,Campylobacterales,Nitratiruptoraceae,Nitratiruptor
7938,cv88,ATP_citrate_lyase_aclAB,62.72205716271,Sulfuricurvum,1,4,1,62.72205716271,7.20444495736148,Bacteria,Campylobacterota,Campylobacteria,Campylobacterales,Sulfurimonadaceae,Sulfuricurvum
8648,cv88,Cytochrome_c_oxidase_cbb3_type,24.629262780631,Sulfuricurvum,1,7,1,24.629262780631,3.95973176679768,Bacteria,Campylobacterota,Campylobacteria,Campylobacterales,Sulfurimonadaceae,Sulfuricurvum
15361,cv88,Formate_dehydrogenase_fdh,5.69842768673,Sulfuricurvum,1,11,1,5.69842768673,3.90532231058952,Bacteria,Campylobacterota,Campylobacteria,Campylobacterales,Sulfurimonadaceae,Sulfuricurvum
27297,cv88,Nitric_oxide_reductase_norBCDEQW,47.25147278278,Sulfuricurvum,1,18,1,47.25147278278,5.48463506962919,Bacteria,Campylobacterota,Campylobacteria,Campylobacterales,Sulfurimonadaceae,Sulfuricurvum
31256,cv88,Pyruvate_ferredoxin_oxidoreductase_pfor,6.78088561309,Sulfuricurvum,1,21,1,6.78088561309,6.15173446665933,Bacteria,Campylobacterota,Campylobacteria,Campylobacterales,Sulfurimonadaceae,Sulfuricurvum
33452,cv88,Sulfide_quinone_oxidoreductase_sqr,46.70022299156,Sulfuricurvum,1,22,1,46.70022299156,6.35403608474312,Bacteria,Campylobacterota,Campylobacteria,Campylobacterales,Sulfurimonadaceae,Sulfuricurvum
39402,cv88,Two_oxoglutarate_ferredoxin_oxidoreductase_korABGD,39.510966909839,Sulfuricurvum,1,27,1,39.510966909839,5.01532279720506,Bacteria,Campylobacterota,Campylobacteria,Campylobacterales,Sulfurimonadaceae,Sulfuricurvum
43536,cv88,alkyl_hydroperoxide_reductase_subunit_C_ahp,21.11828609461,Sulfuricurvum,1,2,1,21.11828609461,3.66664949052184,Bacteria,Campylobacterota,Campylobacteria,Campylobacterales,Sulfurimonadaceae,Sulfuricurvum
45279,cv88,cytochrome_c_peroxidase,15.9915523857,Sulfuricurvum,1,8,1,15.9915523857,3.19069560434533,Bacteria,Campylobacterota,Campylobacteria,Campylobacterales,Sulfurimonadaceae,Sulfuricurvum
55363,lvp4,ATP_citrate_lyase_aclAB,18.8085980204,Sulfuricurvum,2,4,2,18.8085980204,7.20444495736148,Bacteria,Campylobacterota,Campylobacteria,Campylobacterales,Sulfurimonadaceae,Sulfuricurvum
63193,lvp4,Formate_dehydrogenase_fdh,18.25863901396,Sulfuricurvum,2,11,2,18.25863901396,3.90532231058952,Bacteria,Campylobacterota,Campylobacteria,Campylobacterales,Sulfurimonadaceae,Sulfuricurvum
66150,lvp4,Hydrogenase_maturation_proteins_hypABCDEF,47.9567602643,Sulfuricurvum,2,13,2,47.9567602643,5.52541598460653,Bacteria,Campylobacterota,Campylobacteria,Campylobacterales,Sulfurimonadaceae,Sulfuricurvum
76248,lvp4,Pyruvate_ferredoxin_oxidoreductase_pfor,52.6640744571,Sulfuricurvum,2,21,2,52.6640744571,6.15173446665933,Bacteria,Campylobacterota,Campylobacteria,Campylobacterales,Sulfurimonadaceae,Sulfuricurvum
78377,lvp4,Sulfide_quinone_oxidoreductase_sqr,16.7187537959,Sulfuricurvum,2,22,2,16.7187537959,6.35403608474312,Bacteria,Campylobacterota,Campylobacteria,Campylobacterales,Sulfurimonadaceae,Sulfuricurvum
7939,cv88,ATP_citrate_lyase_aclAB,533.007881175661,Sulfurimonas,1,4,1,533.007881175661,24.3585931417142,Bacteria,Campylobacterota,Campylobacteria,Campylobacterales,Sulfurimonadaceae,Sulfurimonas
8071,cv88,Acetyl_CoA_carboxylase_accABCD,8.59536959171,Sulfurimonas,1,1,1,8.59536959171,3.46456552311997,Bacteria,Campylobacterota,Campylobacteria,Campylobacterales,Sulfurimonadaceae,Sulfurimonas
8091,cv88,Assimilatory_nitrate_reductase_catalytic_subunite_nas,14.23080237988,Sulfurimonas,1,3,1,14.23080237988,5.61337344298841,Bacteria,Campylobacterota,Campylobacteria,Campylobacterales,Sulfurimonadaceae,Sulfurimonas
9298,cv88,Cytochrome_c_oxidase_cbb3_type,1573.685823311,Sulfurimonas,1,7,1,1573.685823311,34.9975521554862,Bacteria,Campylobacterota,Campylobacteria,Campylobacterales,Sulfurimonadaceae,Sulfurimonas
11872,cv88,Cytochrome_oxidase,193.877695345167,Sulfurimonas,1,10,1,193.877695345167,18.0211841366138,Bacteria,Campylobacterota,Campylobacteria,Campylobacterales,Sulfurimonadaceae,Sulfurimonas
16011,cv88,Formate_dehydrogenase_fdh,329.849310211699,Sulfurimonas,1,11,1,329.849310211699,22.5882777603604,Bacteria,Campylobacterota,Campylobacteria,Campylobacterales,Sulfurimonadaceae,Sulfurimonas
17474,cv88,Formate_dependent_nitrite_reductase_nrfAD,167.03211721936,Sulfurimonas,1,12,1,167.03211721936,10.7172645641081,Bacteria,Campylobacterota,Campylobacteria,Campylobacterales,Sulfurimonadaceae,Sulfurimonas
20560,cv88,Hydrogenase_maturation_proteins_hypABCDEF,28.151168378726,Sulfurimonas,1,13,1,28.151168378726,12.2998101733232,Bacteria,Campylobacterota,Campylobacteria,Campylobacterales,Sulfurimonadaceae,Sulfurimonas
22822,cv88,Hydroxylamine_reductase_har,641.763420485395,Sulfurimonas,1,14,1,641.763420485395,20.4687906750319,Bacteria,Campylobacterota,Campylobacteria,Campylobacterales,Sulfurimonadaceae,Sulfurimonas
25506,cv88,Methylenetetrahydrofolate_reductase_metF,12.31670497562,Sulfurimonas,1,16,1,12.31670497562,6.00124987087969,Bacteria,Campylobacterota,Campylobacteria,Campylobacterales,Sulfurimonadaceae,Sulfurimonas
27298,cv88,Nitric_oxide_reductase_norBCDEQW,408.335304547354,Sulfurimonas,1,18,1,408.335304547354,20.361633741818,Bacteria,Campylobacterota,Campylobacteria,Campylobacterales,Sulfurimonadaceae,Sulfurimonas
28251,cv88,Periplasmic_nitrate_reductase_napABCDFGH,3072.11237026713,Sulfurimonas,1,19,1,3072.11237026713,48.0303142563593,Bacteria,Campylobacterota,Campylobacteria,Campylobacterales,Sulfurimonadaceae,Sulfurimonas
29719,cv88,Polysulfide_reductase_psrA,247.685223884739,Sulfurimonas,1,20,1,247.685223884739,35.0255487802277,Bacteria,Campylobacterota,Campylobacteria,Campylobacterales,Sulfurimonadaceae,Sulfurimonas
31425,cv88,Pyruvate_ferredoxin_oxidoreductase_pfor,1555.64983310871,Sulfurimonas,1,21,1,1555.64983310871,34.3817200176687,Bacteria,Campylobacterota,Campylobacteria,Campylobacterales,Sulfurimonadaceae,Sulfurimonas
33472,cv88,Sulfide_quinone_oxidoreductase_sqr,715.732428876493,Sulfurimonas,1,22,1,715.732428876493,22.3958118408607,Bacteria,Campylobacterota,Campylobacteria,Campylobacterales,Sulfurimonadaceae,Sulfurimonas
35616,cv88,Sulfur_oxidizing_protein_soxABCXYZ,2612.6844058899,Sulfurimonas,1,23,1,2612.6844058899,42.1182965976375,Bacteria,Campylobacterota,Campylobacteria,Campylobacterales,Sulfurimonadaceae,Sulfurimonas
39422,cv88,Two_oxoglutarate_ferredoxin_oxidoreductase_korABGD,1243.12560712202,Sulfurimonas,1,27,1,1243.12560712202,29.9374754338365,Bacteria,Campylobacterota,Campylobacteria,Campylobacterales,Sulfurimonadaceae,Sulfurimonas
40336,cv88,TypeIV_hydrogenase_hyfBEF,3.68710887082,Sulfurimonas,1,28,1,3.68710887082,13.786423077965,Bacteria,Campylobacterota,Campylobacteria,Campylobacterales,Sulfurimonadaceae,Sulfurimonas
43640,cv88,alkyl_hydroperoxide_reductase_subunit_C_ahp,417.071477585347,Sulfurimonas,1,2,1,417.071477585347,17.2095670520948,Bacteria,Campylobacterota,Campylobacteria,Campylobacterales,Sulfurimonadaceae,Sulfurimonas
45929,cv88,cytochrome_c_peroxidase,352.236022047747,Sulfurimonas,1,8,1,352.236022047747,16.7922016852543,Bacteria,Campylobacterota,Campylobacteria,Campylobacterales,Sulfurimonadaceae,Sulfurimonas
52370,cv88,superoxide_reductase,621.777567633464,Sulfurimonas,1,25,1,621.777567633464,20.5303264737988,Bacteria,Campylobacterota,Campylobacteria,Campylobacterales,Sulfurimonadaceae,Sulfurimonas
53388,cv88,thiol_peroxidase,1602.69058522669,Sulfurimonas,1,26,1,1602.69058522669,32.4321690193934,Bacteria,Campylobacterota,Campylobacteria,Campylobacterales,Sulfurimonadaceae,Sulfurimonas
55364,lvp4,ATP_citrate_lyase_aclAB,399.0100761632,Sulfurimonas,2,4,2,399.0100761632,24.3585931417142,Bacteria,Campylobacterota,Campylobacteria,Campylobacterales,Sulfurimonadaceae,Sulfurimonas
56608,lvp4,Acetyl_CoA_carboxylase_accABCD,10.2592352839,Sulfurimonas,2,1,2,10.2592352839,3.46456552311997,Bacteria,Campylobacterota,Campylobacteria,Campylobacterales,Sulfurimonadaceae,Sulfurimonas
56710,lvp4,Assimilatory_nitrate_reductase_catalytic_subunite_nas,35.2649292611,Sulfurimonas,2,3,2,35.2649292611,5.61337344298841,Bacteria,Campylobacterota,Campylobacteria,Campylobacterales,Sulfurimonadaceae,Sulfurimonas
58702,lvp4,Cytochrome_c_oxidase_cbb3_type,350.27053186291,Sulfurimonas,2,7,2,350.27053186291,34.9975521554862,Bacteria,Campylobacterota,Campylobacteria,Campylobacterales,Sulfurimonadaceae,Sulfurimonas
60553,lvp4,Cytochrome_oxidase,316.2589541622,Sulfurimonas,2,10,2,316.2589541622,18.0211841366138,Bacteria,Campylobacterota,Campylobacteria,Campylobacterales,Sulfurimonadaceae,Sulfurimonas
63297,lvp4,Formate_dehydrogenase_fdh,471.61855856286,Sulfurimonas,2,11,2,471.61855856286,22.5882777603604,Bacteria,Campylobacterota,Campylobacteria,Campylobacterales,Sulfurimonadaceae,Sulfurimonas
63968,lvp4,Formate_dependent_nitrite_reductase_nrfAD,13.3891714722,Sulfurimonas,2,12,2,13.3891714722,10.7172645641081,Bacteria,Campylobacterota,Campylobacteria,Campylobacterales,Sulfurimonadaceae,Sulfurimonas
66151,lvp4,Hydrogenase_maturation_proteins_hypABCDEF,209.48727275413,Sulfurimonas,2,13,2,209.48727275413,12.2998101733232,Bacteria,Campylobacterota,Campylobacteria,Campylobacterales,Sulfurimonadaceae,Sulfurimonas
67781,lvp4,Hydroxylamine_reductase_har,16.3553026264,Sulfurimonas,2,14,2,16.3553026264,20.4687906750319,Bacteria,Campylobacterota,Campylobacteria,Campylobacterales,Sulfurimonadaceae,Sulfurimonas
69881,lvp4,Methylenetetrahydrofolate_reductase_metF,44.2555247539,Sulfurimonas,2,16,2,44.2555247539,6.00124987087969,Bacteria,Campylobacterota,Campylobacteria,Campylobacterales,Sulfurimonadaceae,Sulfurimonas
72024,lvp4,Nitric_oxide_reductase_norBCDEQW,242.91077141737,Sulfurimonas,2,18,2,242.91077141737,20.361633741818,Bacteria,Campylobacterota,Campylobacteria,Campylobacterales,Sulfurimonadaceae,Sulfurimonas
73865,lvp4,Periplasmic_nitrate_reductase_napABCDFGH,551.57509232181,Sulfurimonas,2,19,2,551.57509232181,48.0303142563593,Bacteria,Campylobacterota,Campylobacteria,Campylobacterales,Sulfurimonadaceae,Sulfurimonas
74799,lvp4,Polysulfide_reductase_psrA,1679.35053687038,Sulfurimonas,2,20,2,1679.35053687038,35.0255487802277,Bacteria,Campylobacterota,Campylobacteria,Campylobacterales,Sulfurimonadaceae,Sulfurimonas
76898,lvp4,Pyruvate_ferredoxin_oxidoreductase_pfor,301.192700979,Sulfurimonas,2,21,2,301.192700979,34.3817200176687,Bacteria,Campylobacterota,Campylobacteria,Campylobacterales,Sulfurimonadaceae,Sulfurimonas
78389,lvp4,Sulfide_quinone_oxidoreductase_sqr,72.1356358333,Sulfurimonas,2,22,2,72.1356358333,22.3958118408607,Bacteria,Campylobacterota,Campylobacteria,Campylobacterales,Sulfurimonadaceae,Sulfurimonas
78669,lvp4,Sulfur_oxidizing_protein_soxABCXYZ,173.8311647611,Sulfurimonas,2,23,2,173.8311647611,42.1182965976375,Bacteria,Campylobacterota,Campylobacteria,Campylobacterales,Sulfurimonadaceae,Sulfurimonas
80583,lvp4,Two_oxoglutarate_ferredoxin_oxidoreductase_korABGD,164.7044262092,Sulfurimonas,2,27,2,164.7044262092,29.9374754338365,Bacteria,Campylobacterota,Campylobacteria,Campylobacterales,Sulfurimonadaceae,Sulfurimonas
81342,lvp4,TypeIV_hydrogenase_hyfBEF,294.86701956568,Sulfurimonas,2,28,2,294.86701956568,13.786423077965,Bacteria,Campylobacterota,Campylobacteria,Campylobacterales,Sulfurimonadaceae,Sulfurimonas
87210,lvp4,alkyl_hydroperoxide_reductase_subunit_C_ahp,48.1500109322,Sulfurimonas,2,2,2,48.1500109322,17.2095670520948,Bacteria,Campylobacterota,Campylobacteria,Campylobacterales,Sulfurimonadaceae,Sulfurimonas
88349,lvp4,cytochrome_c_peroxidase,90.6940433971,Sulfurimonas,2,8,2,90.6940433971,16.7922016852543,Bacteria,Campylobacterota,Campylobacteria,Campylobacterales,Sulfurimonadaceae,Sulfurimonas
88380,lvp4,superoxide_reductase,40.3041386152,Sulfurimonas,2,25,2,40.3041386152,20.5303264737988,Bacteria,Campylobacterota,Campylobacteria,Campylobacterales,Sulfurimonadaceae,Sulfurimonas
88480,lvp4,thiol_peroxidase,49.5445996635,Sulfurimonas,2,26,2,49.5445996635,32.4321690193934,Bacteria,Campylobacterota,Campylobacteria,Campylobacterales,Sulfurimonadaceae,Sulfurimonas
9482,cv88,Cytochrome_c_oxidase_cbb3_type,4.27030385152,Sulfurospirillum,1,7,1,4.27030385152,10.1646317632048,Bacteria,Campylobacterota,Campylobacteria,Campylobacterales,Sulfurospirillaceae,Sulfurospirillum
11038,cv88,Cytochrome_d_ubiquinol_oxidase,0.516565609711,Sulfurospirillum,1,9,1,0.516565609711,4.09572585415044,Bacteria,Campylobacterota,Campylobacteria,Campylobacterales,Sulfurospirillaceae,Sulfurospirillum
13012,cv88,Cytochrome_oxidase,2.05566622121,Sulfurospirillum,1,10,1,2.05566622121,4.25113788393842,Bacteria,Campylobacterota,Campylobacteria,Campylobacterales,Sulfurospirillaceae,Sulfurospirillum
17151,cv88,Formate_dehydrogenase_fdh,3.86097412053,Sulfurospirillum,1,11,1,3.86097412053,6.73846549337684,Bacteria,Campylobacterota,Campylobacteria,Campylobacterales,Sulfurospirillaceae,Sulfurospirillum
23462,cv88,Hydroxylamine_reductase_har,7.69195234367,Sulfurospirillum,1,14,1,7.69195234367,2.21288249803045,Bacteria,Campylobacterota,Campylobacteria,Campylobacterales,Sulfurospirillaceae,Sulfurospirillum
25253,cv88,L_lactate_dehydrogenase_complex_protein_LldEFG,0,Sulfurospirillum,1,15,1,0,2.54839800955123,Bacteria,Campylobacterota,Campylobacteria,Campylobacterales,Sulfurospirillaceae,Sulfurospirillum
28435,cv88,Periplasmic_nitrate_reductase_napABCDFGH,13.01638164321,Sulfurospirillum,1,19,1,13.01638164321,11.5944775860421,Bacteria,Campylobacterota,Campylobacteria,Campylobacterales,Sulfurospirillaceae,Sulfurospirillum
33641,cv88,Sulfide_quinone_oxidoreductase_sqr,40.958890067307,Sulfurospirillum,1,22,1,40.958890067307,5.10639200131343,Bacteria,Campylobacterota,Campylobacteria,Campylobacterales,Sulfurospirillaceae,Sulfurospirillum
39433,cv88,Two_oxoglutarate_ferredoxin_oxidoreductase_korABGD,3.91310748537,Sulfurospirillum,1,27,1,3.91310748537,7.08562803577491,Bacteria,Campylobacterota,Campylobacteria,Campylobacterales,Sulfurospirillaceae,Sulfurospirillum
44675,cv88,alkyl_hydroperoxide_reductase_subunit_C_ahp,302.385346206175,Sulfurospirillum,1,2,1,302.385346206175,13.8745987426328,Bacteria,Campylobacterota,Campylobacteria,Campylobacterales,Sulfurospirillaceae,Sulfurospirillum
46113,cv88,cytochrome_c_peroxidase,0.397673524936,Sulfurospirillum,1,8,1,0.397673524936,0.503156863136507,Bacteria,Campylobacterota,Campylobacteria,Campylobacterales,Sulfurospirillaceae,Sulfurospirillum
52390,cv88,superoxide_reductase,11.34820326695,Sulfurospirillum,1,25,1,11.34820326695,2.68784124914154,Bacteria,Campylobacterota,Campylobacteria,Campylobacterales,Sulfurospirillaceae,Sulfurospirillum
58703,lvp4,Cytochrome_c_oxidase_cbb3_type,158.02396246903,Sulfurospirillum,2,7,2,158.02396246903,10.1646317632048,Bacteria,Campylobacterota,Campylobacteria,Campylobacterales,Sulfurospirillaceae,Sulfurospirillum
58763,lvp4,Cytochrome_d_ubiquinol_oxidase,25.8334960762,Sulfurospirillum,2,9,2,25.8334960762,4.09572585415044,Bacteria,Campylobacterota,Campylobacteria,Campylobacterales,Sulfurospirillaceae,Sulfurospirillum
60573,lvp4,Cytochrome_oxidase,26.3320372286,Sulfurospirillum,2,10,2,26.3320372286,4.25113788393842,Bacteria,Campylobacterota,Campylobacteria,Campylobacterales,Sulfurospirillaceae,Sulfurospirillum
63317,lvp4,Formate_dehydrogenase_fdh,67.46404463684,Sulfurospirillum,2,11,2,67.46404463684,6.73846549337684,Bacteria,Campylobacterota,Campylobacteria,Campylobacterales,Sulfurospirillaceae,Sulfurospirillum
66152,lvp4,Hydrogenase_maturation_proteins_hypABCDEF,98.0943278478,Sulfurospirillum,2,13,2,98.0943278478,7.90245459746637,Bacteria,Campylobacterota,Campylobacteria,Campylobacterales,Sulfurospirillaceae,Sulfurospirillum
69757,lvp4,L_lactate_dehydrogenase_complex_protein_LldEFG,10.2012735026,Sulfurospirillum,2,15,2,10.2012735026,2.54839800955123,Bacteria,Campylobacterota,Campylobacteria,Campylobacterales,Sulfurospirillaceae,Sulfurospirillum
72025,lvp4,Nitric_oxide_reductase_norBCDEQW,56.9222086717,Sulfurospirillum,2,18,2,56.9222086717,6.01978434225327,Bacteria,Campylobacterota,Campylobacteria,Campylobacterales,Sulfurospirillaceae,Sulfurospirillum
73876,lvp4,Periplasmic_nitrate_reductase_napABCDFGH,198.14876956358,Sulfurospirillum,2,19,2,198.14876956358,11.5944775860421,Bacteria,Campylobacterota,Campylobacteria,Campylobacterales,Sulfurospirillaceae,Sulfurospirillum
74983,lvp4,Polysulfide_reductase_psrA,26.70083326819,Sulfurospirillum,2,20,2,26.70083326819,4.12289684532852,Bacteria,Campylobacterota,Campylobacteria,Campylobacterales,Sulfurospirillaceae,Sulfurospirillum
80584,lvp4,Two_oxoglutarate_ferredoxin_oxidoreductase_korABGD,74.9504887153,Sulfurospirillum,2,27,2,74.9504887153,7.08562803577491,Bacteria,Campylobacterota,Campylobacteria,Campylobacterales,Sulfurospirillaceae,Sulfurospirillum
8043,cv88,ATP_citrate_lyase_aclAB,687.088083251995,Sulfurovum,1,4,1,687.088083251995,25.5246935539042,Bacteria,Campylobacterota,Campylobacteria,Campylobacterales,Sulfurovaceae,Sulfurovum
8102,cv88,Assimilatory_nitrate_reductase_catalytic_subunite_nas,5.23285835897,Sulfurovum,1,3,1,5.23285835897,1.82519618050205,Bacteria,Campylobacterota,Campylobacteria,Campylobacterales,Sulfurovaceae,Sulfurovum
10622,cv88,Cytochrome_c_oxidase_cbb3_type,709.389451905149,Sulfurovum,1,7,1,709.389451905149,29.3791857255944,Bacteria,Campylobacterota,Campylobacteria,Campylobacterales,Sulfurovaceae,Sulfurovum
13018,cv88,Cytochrome_oxidase,442.098182030698,Sulfurovum,1,10,1,442.098182030698,24.0395224070653,Bacteria,Campylobacterota,Campylobacteria,Campylobacterales,Sulfurovaceae,Sulfurovum
17152,cv88,Formate_dehydrogenase_fdh,86.769117728712,Sulfurovum,1,11,1,86.769117728712,25.3579025645814,Bacteria,Campylobacterota,Campylobacteria,Campylobacterales,Sulfurovaceae,Sulfurovum
20465,cv88,Formate_dependent_nitrite_reductase_nrfAD,11.21084540755,Sulfurovum,1,12,1,11.21084540755,2.67152500482452,Bacteria,Campylobacterota,Campylobacteria,Campylobacterales,Sulfurovaceae,Sulfurovum
20580,cv88,Hydrogenase_maturation_proteins_hypABCDEF,22.610695342683,Sulfurovum,1,13,1,22.610695342683,25.0600634504171,Bacteria,Campylobacterota,Campylobacteria,Campylobacterales,Sulfurovaceae,Sulfurovum
24112,cv88,Hydroxylamine_reductase_har,435.085288107386,Sulfurovum,1,14,1,435.085288107386,24.1032368973549,Bacteria,Campylobacterota,Campylobacteria,Campylobacterales,Sulfurovaceae,Sulfurovum
26156,cv88,Methylenetetrahydrofolate_reductase_metF,15.46440922534,Sulfurovum,1,16,1,15.46440922534,9.70525023307818,Bacteria,Campylobacterota,Campylobacteria,Campylobacterales,Sulfurovaceae,Sulfurovum
27402,cv88,Nitric_oxide_reductase_norBCDEQW,121.509094762271,Sulfurovum,1,18,1,121.509094762271,10.3604973392489,Bacteria,Campylobacterota,Campylobacteria,Campylobacterales,Sulfurovaceae,Sulfurovum
29575,cv88,Periplasmic_nitrate_reductase_napABCDFGH,1338.24971954314,Sulfurovum,1,19,1,1338.24971954314,42.7660413242409,Bacteria,Campylobacterota,Campylobacteria,Campylobacterales,Sulfurovaceae,Sulfurovum
32075,cv88,Pyruvate_ferredoxin_oxidoreductase_pfor,448.639813671966,Sulfurovum,1,21,1,448.639813671966,24.5500402478571,Bacteria,Campylobacterota,Campylobacteria,Campylobacterales,Sulfurovaceae,Sulfurovum
34291,cv88,Sulfide_quinone_oxidoreductase_sqr,238.750790046911,Sulfurovum,1,22,1,238.750790046911,15.9606618460965,Bacteria,Campylobacterota,Campylobacteria,Campylobacterales,Sulfurovaceae,Sulfurovum
35720,cv88,Sulfur_oxidizing_protein_soxABCXYZ,907.112968727888,Sulfurovum,1,23,1,907.112968727888,28.7468424385386,Bacteria,Campylobacterota,Campylobacteria,Campylobacterales,Sulfurovaceae,Sulfurovum
39517,cv88,Two_oxoglutarate_ferredoxin_oxidoreductase_korABGD,719.374486350682,Sulfurovum,1,27,1,719.374486350682,28.2142750432055,Bacteria,Campylobacterota,Campylobacteria,Campylobacterales,Sulfurovaceae,Sulfurovum
40520,cv88,TypeIV_hydrogenase_hyfBEF,3.927493909944,Sulfurovum,1,28,1,3.927493909944,28.6288081737104,Bacteria,Campylobacterota,Campylobacteria,Campylobacterales,Sulfurovaceae,Sulfurovum
44751,cv88,alkyl_hydroperoxide_reductase_subunit_C_ahp,419.939551063494,Sulfurovum,1,2,1,419.939551063494,17.8501953769489,Bacteria,Campylobacterota,Campylobacteria,Campylobacterales,Sulfurovaceae,Sulfurovum
47253,cv88,cytochrome_c_peroxidase,54.978652680053,Sulfurovum,1,8,1,54.978652680053,5.91612181705648,Bacteria,Campylobacterota,Campylobacteria,Campylobacterales,Sulfurovaceae,Sulfurovum
51146,cv88,superoxide_dismutase,2.92932436522,Sulfurovum,1,24,1,2.92932436522,1.36560089725262,Bacteria,Campylobacterota,Campylobacteria,Campylobacterales,Sulfurovaceae,Sulfurovum
53004,cv88,superoxide_reductase,748.399544706544,Sulfurovum,1,25,1,748.399544706544,22.5490822806469,Bacteria,Campylobacterota,Campylobacteria,Campylobacterales,Sulfurovaceae,Sulfurovum
54038,cv88,thiol_peroxidase,359.591493752832,Sulfurovum,1,26,1,359.591493752832,15.5290612935409,Bacteria,Campylobacterota,Campylobacteria,Campylobacterales,Sulfurovaceae,Sulfurovum
56504,lvp4,ATP_citrate_lyase_aclAB,336.30140180556,Sulfurovum,2,4,2,336.30140180556,25.5246935539042,Bacteria,Campylobacterota,Campylobacteria,Campylobacterales,Sulfurovaceae,Sulfurovum
58704,lvp4,Cytochrome_c_oxidase_cbb3_type,646.42227648176,Sulfurovum,2,7,2,646.42227648176,29.3791857255944,Bacteria,Campylobacterota,Campylobacteria,Campylobacterales,Sulfurovaceae,Sulfurovum
60584,lvp4,Cytochrome_oxidase,465.662875108,Sulfurovum,2,10,2,465.662875108,24.0395224070653,Bacteria,Campylobacterota,Campylobacteria,Campylobacterales,Sulfurovaceae,Sulfurovum
63967,lvp4,Formate_dehydrogenase_fdh,923.28939817853,Sulfurovum,2,11,2,923.28939817853,25.3579025645814,Bacteria,Campylobacterota,Campylobacteria,Campylobacterales,Sulfurovaceae,Sulfurovum
67187,lvp4,Hydrogenase_maturation_proteins_hypABCDEF,963.86004810184,Sulfurovum,2,13,2,963.86004810184,25.0600634504171,Bacteria,Campylobacterota,Campylobacteria,Campylobacterales,Sulfurovaceae,Sulfurovum
67782,lvp4,Hydroxylamine_reductase_har,477.49401612849,Sulfurovum,2,14,2,477.49401612849,24.1032368973549,Bacteria,Campylobacterota,Campylobacteria,Campylobacterales,Sulfurovaceae,Sulfurovum
70050,lvp4,Methylenetetrahydrofolate_reductase_metF,132.49185317029,Sulfurovum,2,16,2,132.49185317029,9.70525023307818,Bacteria,Campylobacterota,Campylobacteria,Campylobacterales,Sulfurovaceae,Sulfurovum
72026,lvp4,Nitric_oxide_reductase_norBCDEQW,47.10003391337,Sulfurovum,2,18,2,47.10003391337,10.3604973392489,Bacteria,Campylobacterota,Campylobacteria,Campylobacterales,Sulfurovaceae,Sulfurovum
73960,lvp4,Periplasmic_nitrate_reductase_napABCDFGH,1534.63354599681,Sulfurovum,2,19,2,1534.63354599681,42.7660413242409,Bacteria,Campylobacterota,Campylobacteria,Campylobacterales,Sulfurovaceae,Sulfurovum
78038,lvp4,Pyruvate_ferredoxin_oxidoreductase_pfor,498.08616364092,Sulfurovum,2,21,2,498.08616364092,24.5500402478571,Bacteria,Campylobacterota,Campylobacteria,Campylobacterales,Sulfurovaceae,Sulfurovum
78400,lvp4,Sulfide_quinone_oxidoreductase_sqr,161.3981491198,Sulfurovum,2,22,2,161.3981491198,15.9606618460965,Bacteria,Campylobacterota,Campylobacteria,Campylobacterales,Sulfurovaceae,Sulfurovum
78773,lvp4,Sulfur_oxidizing_protein_soxABCXYZ,390.96319235781,Sulfurovum,2,23,2,390.96319235781,28.7468424385386,Bacteria,Campylobacterota,Campylobacteria,Campylobacterales,Sulfurovaceae,Sulfurovum
80598,lvp4,Two_oxoglutarate_ferredoxin_oxidoreductase_korABGD,531.05057232,Sulfurovum,2,27,2,531.05057232,28.2142750432055,Bacteria,Campylobacterota,Campylobacteria,Campylobacterales,Sulfurovaceae,Sulfurovum
81992,lvp4,TypeIV_hydrogenase_hyfBEF,1283.51077461727,Sulfurovum,2,28,2,1283.51077461727,28.6288081737104,Bacteria,Campylobacterota,Campylobacteria,Campylobacterales,Sulfurovaceae,Sulfurovum
87314,lvp4,alkyl_hydroperoxide_reductase_subunit_C_ahp,80.56245786763,Sulfurovum,2,2,2,80.56245786763,17.8501953769489,Bacteria,Campylobacterota,Campylobacteria,Campylobacterales,Sulfurovaceae,Sulfurovum
88464,lvp4,superoxide_reductase,50.2893018689,Sulfurovum,2,25,2,50.2893018689,22.5490822806469,Bacteria,Campylobacterota,Campylobacteria,Campylobacterales,Sulfurovaceae,Sulfurovum
89130,lvp4,thiol_peroxidase,19.208780957,Sulfurovum,2,26,2,19.208780957,15.5290612935409,Bacteria,Campylobacterota,Campylobacteria,Campylobacterales,Sulfurovaceae,Sulfurovum
17180,cv88,Formate_dehydrogenase_fdh,0.455516946745,Wolinella,1,11,1,0.455516946745,0.538508212515257,Bacteria,Campylobacterota,Campylobacteria,Campylobacterales,Helicobacteraceae,Wolinella
89314,cv88,Hydrogenase_maturation_proteins_hypABCDEF,0.668091521892,Desulfatiglans,1,13,1,0.668091521892,0.652165832122165,Bacteria,Desulfobacterota,Desulfobacteria,Desulfatiglandales,Desulfatiglandaceae,Desulfatiglans
90455,lvp4,superoxide_dismutase,11.2851588122,Desulfatiglans,2,24,2,11.2851588122,2.68036475766914,Bacteria,Desulfobacterota,Desulfobacteria,Desulfatiglandales,Desulfatiglandaceae,Desulfatiglans
90454,cv88,alkyl_hydroperoxide_reductase_subunit_C_ahp,1.19913862904,Geobacter,1,2,1,1.19913862904,0.873724991663062,Bacteria,Desulfobacterota,Desulfuromonadia,Geobacterales,Geobacteraceae,Geobacter
90456,cv88,Hydroxylamine_reductase_har,1.68781016057,Clostridium,1,14,1,1.68781016057,1.03657769618189,Bacteria,Firmicutes,Clostridia,Clostridiales,Clostridiaceae,Clostridium
90476,cv88,Hydroxylamine_reductase_har,1.68781016057,Clostridium,1,14,1,1.68781016057,1.03657769618189,Bacteria,Firmicutes,Clostridia,Clostridiales,Caloramatoraceae,Clostridium
90560,lvp4,Pyruvate_ferredoxin_oxidoreductase_pfor,20.8341393457,Desulfurispora,2,21,2,20.8341393457,3.64189854989592,Bacteria,Firmicutes,Desulfotomaculia,Desulfotomaculales,Desulfurisporaceae,Desulfurispora
91210,lvp4,Pyruvate_ferredoxin_oxidoreductase_pfor,8.9093359044,Methanohalobium,2,21,2,8.9093359044,2.38156658428973,Archaea,Halobacterota,Methanosarcinia,Methanosarciniales,Methanosarcinaceae,Methanohalobium
102284,lvp4,cytochrome_c_peroxidase,44.546679522,Candidatus Brocadia,2,8,2,44.546679522,5.32534477541382,NA,Planctomycetota,NA,NA,NA,Candidatus Brocadia
100390,lvp4,Sulfur_oxidizing_protein_soxABCXYZ,50.7832146551,Candidatus Thioglobus,2,23,2,50.7832146551,5.68591228861506,NA,Proteobacteria,Gammaproteobacteria,NA,NA,Candidatus Thioglobus
101144,lvp4,alkyl_hydroperoxide_reductase_subunit_C_ahp,20.2354571806,Candidatus Thioglobus,2,2,2,20.2354571806,3.58919101526619,NA,Proteobacteria,Gammaproteobacteria,NA,NA,Candidatus Thioglobus
96859,lvp4,Hydrogenase_maturation_proteins_hypABCDEF,0,Granulicella,2,13,2,0,0,Bacteria,Acidobacteriota,NA,NA,NA,Granulicella
95995,lvp4,Cytochrome_oxidase,31.6889846304,Nitrosopumilus,2,10,2,31.6889846304,4.49152915853443,Archaea,Nitrososphaerota,NA,NA,NA,Nitrosopumilus
98389,lvp4,Methylmalonyl_CoA_mutase_mcm,21.3503004556,Nitrosopumilus,2,17,2,21.3503004556,3.68673614678669,Archaea,Nitrososphaerota,NA,NA,NA,Nitrosopumilus
100364,cv88,cytochrome_c_peroxidase,14.3120485848,Nitrospina,1,8,1,14.3120485848,5.1878006212058,Bacteria,Nitrospinota,Nitrospinia,Nitrospinales,Nitrospinaceae,Nitrospina
93778,lvp4,cytochrome_c_peroxidase,27.9632253755,Nitrospina,2,8,2,27.9632253755,5.1878006212058,Bacteria,Nitrospinota,Nitrospinia,Nitrospinales,Nitrospinaceae,Nitrospina
98103,lvp4,L_lactate_dehydrogenase_complex_protein_LldEFG,10.4978221509,Gimesia,2,15,2,10.4978221509,2.58517333037097,Bacteria,Planctomycetota,Planctomycetes,Planctomycetales,Gimesiaceae,Gimesia
93931,cv88,Cytochrome_oxidase,5.80506352864,Beijerinckia,1,10,1,5.80506352864,1.92239907984324,Bacteria,Proteobacteria,Alphaproteobacteria,Rhizobiales,Beijerinckiaceae,Beijerinckia
99223,lvp4,Cytochrome_oxidase,20.94127541573,Cupriavidus,2,10,2,20.94127541573,3.65125046911998,Bacteria,Proteobacteria,Gammaproteobacteria,Burkholderiales,Burkholderiaceae,Cupriavidus
91394,lvp4,cytochrome_c_peroxidase,0,Janthinobacterium,2,8,2,0,0,Bacteria,Proteobacteria,Gammaproteobacteria,Burkholderiales,Oxalobacteraceae,Janthinobacterium
91408,cv88,Cytochrome_oxidase,6.95360563602,Komagataeibacter,1,10,1,6.95360563602,2.10399687194087,Bacteria,Proteobacteria,Alphaproteobacteria,Acetobacterales,Acetobacteraceae,Komagataeibacter
91512,cv88,cytochrome_c_peroxidase,3.394335958,Marinobacter,1,8,1,3.394335958,1.47000047106151,Bacteria,Proteobacteria,Gammaproteobacteria,Pseudomonadales,Marinobacteraceae,Marinobacter
91564,lvp4,Sulfur_oxidizing_protein_soxABCXYZ,0,Marinobacterium,2,23,2,0,0,Bacteria,Proteobacteria,Gammaproteobacteria,Pseudomonadales,Nitrincolaceae,Marinobacterium
91584,cv88,cytochrome_c_peroxidase,6.57856524875,Methylobacter,1,8,1,6.57856524875,2.04647128276077,Bacteria,Proteobacteria,Gammaproteobacteria,Methylococcales,Methylomonadaceae,Methylobacter
91589,cv88,Cytochrome_oxidase,21.388006031052,Methylocystis,1,10,1,21.388006031052,3.68999018032363,Bacteria,Proteobacteria,Alphaproteobacteria,Rhizobiales,Beijerinckiaceae,Methylocystis
91693,cv88,superoxide_reductase,1.53553293338,Sedimenticola,1,25,1,1.53553293338,0.988711599260017,Bacteria,Proteobacteria,Gammaproteobacteria,Chromatiales,Sedimenticolaceae,Sedimenticola
91862,cv88,alkyl_hydroperoxide_reductase_subunit_C_ahp,5.79360616641,Vibrio,1,2,1,5.79360616641,1.92050103849161,Bacteria,Proteobacteria,Gammaproteobacteria,Enterobacterales,Vibrionaceae,Vibrio
93652,lvp4,Nitric_oxide_reductase_norBCDEQW,15.5657362928,Vibrio,2,18,2,15.5657362928,3.14792876276706,Bacteria,Proteobacteria,Gammaproteobacteria,Enterobacterales,Vibrionaceae,Vibrio
93653,lvp4,Pyruvate_ferredoxin_oxidoreductase_pfor,0,unclassified Bacteroidetes,2,21,2,0,0,NA,unclassified Bacteroidetes,NA,NA,NA,unclassified Bacteroidetes
93847,cv88,cytochrome_c_peroxidase,2.69056313291,unclassified Betaproteobacteria,1,8,1,2.69056313291,1.30876494803833,NA,unclassified Betaproteobacteria,NA,NA,NA,unclassified Betaproteobacteria
94100,lvp4,L_lactate_dehydrogenase_complex_protein_LldEFG,27.0843811494,unclassified Betaproteobacteria,2,15,2,27.0843811494,4.15240322729475,NA,unclassified Betaproteobacteria,NA,NA,NA,unclassified Betaproteobacteria
95890,cv88,Cytochrome_c_oxidase_cbb3_type,56.868198449892,unclassified Epsilonproteobacteria,1,7,1,56.868198449892,13.7611012868212,NA,unclassified Campylobacterota,NA,NA,NA,unclassified Epsilonproteobacteria
96125,cv88,Formate_dehydrogenase_fdh,24.296540159913,unclassified Epsilonproteobacteria,1,11,1,24.296540159913,10.9473035735438,NA,unclassified Campylobacterota,NA,NA,NA,unclassified Epsilonproteobacteria
97999,cv88,Formate_dependent_nitrite_reductase_nrfAD,6.76603773503,unclassified Epsilonproteobacteria,1,12,1,6.76603773503,2.07542607738875,NA,unclassified Campylobacterota,NA,NA,NA,unclassified Epsilonproteobacteria
98123,cv88,Hydrogenase_maturation_proteins_hypABCDEF,1.018214351547,unclassified Epsilonproteobacteria,1,13,1,1.018214351547,7.13793810072567,NA,unclassified Campylobacterota,NA,NA,NA,unclassified Epsilonproteobacteria
99039,cv88,Methylenetetrahydrofolate_reductase_metF,8.51742867933,unclassified Epsilonproteobacteria,1,16,1,8.51742867933,5.61669757342091,NA,unclassified Campylobacterota,NA,NA,NA,unclassified Epsilonproteobacteria
100363,cv88,Nitric_oxide_reductase_norBCDEQW,21.23248045381,unclassified Epsilonproteobacteria,1,18,1,21.23248045381,6.65800184583789,NA,unclassified Campylobacterota,NA,NA,NA,unclassified Epsilonproteobacteria
100365,cv88,Periplasmic_nitrate_reductase_napABCDFGH,130.691825337281,unclassified Epsilonproteobacteria,1,19,1,130.691825337281,13.6367285390171,NA,unclassified Campylobacterota,NA,NA,NA,unclassified Epsilonproteobacteria
100379,cv88,Pyruvate_ferredoxin_oxidoreductase_pfor,419.211171558395,unclassified Epsilonproteobacteria,1,21,1,419.211171558395,17.295502577779,NA,unclassified Campylobacterota,NA,NA,NA,unclassified Epsilonproteobacteria
100474,cv88,Sulfur_oxidizing_protein_soxABCXYZ,3.044047342932,unclassified Epsilonproteobacteria,1,23,1,3.044047342932,1.39208502848551,NA,unclassified Campylobacterota,NA,NA,NA,unclassified Epsilonproteobacteria
102388,cv88,Two_oxoglutarate_ferredoxin_oxidoreductase_korABGD,38.122706280773,unclassified Epsilonproteobacteria,1,27,1,38.122706280773,8.54936894493261,NA,unclassified Campylobacterota,NA,NA,NA,unclassified Epsilonproteobacteria
95891,cv88,cytochrome_c_peroxidase,5.8888479507,unclassified Epsilonproteobacteria,1,8,1,5.8888479507,1.93622236374904,NA,unclassified Campylobacterota,NA,NA,NA,unclassified Epsilonproteobacteria
96209,cv88,superoxide_reductase,68.31633426151,unclassified Epsilonproteobacteria,1,25,1,68.31633426151,7.14520876954789,NA,unclassified Campylobacterota,NA,NA,NA,unclassified Epsilonproteobacteria
91673,lvp4,Cytochrome_c_oxidase_cbb3_type,240.5902168329,unclassified Epsilonproteobacteria,2,7,2,240.5902168329,13.7611012868212,NA,unclassified Campylobacterota,NA,NA,NA,unclassified Epsilonproteobacteria
92512,lvp4,Formate_dehydrogenase_fdh,163.9531195791,unclassified Epsilonproteobacteria,2,11,2,163.9531195791,10.9473035735438,NA,unclassified Campylobacterota,NA,NA,NA,unclassified Epsilonproteobacteria
93654,lvp4,Hydrogenase_maturation_proteins_hypABCDEF,79.0141103441,unclassified Epsilonproteobacteria,2,13,2,79.0141103441,7.13793810072567,NA,unclassified Campylobacterota,NA,NA,NA,unclassified Epsilonproteobacteria
93758,lvp4,Methylenetetrahydrofolate_reductase_metF,41.0369411354,unclassified Epsilonproteobacteria,2,16,2,41.0369411354,5.61669757342091,NA,unclassified Campylobacterota,NA,NA,NA,unclassified Epsilonproteobacteria
95996,lvp4,Nitric_oxide_reductase_norBCDEQW,48.3993319769,unclassified Epsilonproteobacteria,2,18,2,48.3993319769,6.65800184583789,NA,unclassified Campylobacterota,NA,NA,NA,unclassified Epsilonproteobacteria
94750,lvp4,Periplasmic_nitrate_reductase_napABCDFGH,161.4140333219,unclassified Epsilonproteobacteria,2,19,2,161.4140333219,13.6367285390171,NA,unclassified Campylobacterota,NA,NA,NA,unclassified Epsilonproteobacteria
100494,lvp4,Pyruvate_ferredoxin_oxidoreductase_pfor,50.6680599733,unclassified Epsilonproteobacteria,2,21,2,50.6680599733,17.295502577779,NA,unclassified Campylobacterota,NA,NA,NA,unclassified Epsilonproteobacteria
102389,lvp4,Sulfide_quinone_oxidoreductase_sqr,4.5140635249,unclassified Epsilonproteobacteria,2,22,2,4.5140635249,1.69521151885971,NA,unclassified Campylobacterota,NA,NA,NA,unclassified Epsilonproteobacteria
102473,lvp4,Two_oxoglutarate_ferredoxin_oxidoreductase_korABGD,76.6894822957,unclassified Epsilonproteobacteria,2,27,2,76.6894822957,8.54936894493261,NA,unclassified Campylobacterota,NA,NA,NA,unclassified Epsilonproteobacteria
102493,lvp4,superoxide_reductase,11.8791145392,unclassified Epsilonproteobacteria,2,25,2,11.8791145392,7.14520876954789,NA,unclassified Campylobacterota,NA,NA,NA,unclassified Epsilonproteobacteria
103143,cv88,superoxide_reductase,2.99608053632,unclassified Cloacimonetes,1,25,1,2.99608053632,1.38107353498175,NA,unclassified Cloacimonetes,NA,NA,NA,unclassified Cloacimonetes
105833,lvp4,Periplasmic_nitrate_reductase_napABCDFGH,19.7042455452,unclassified Deltaproteobacteria,2,19,2,19.7042455452,3.54176683502177,NA,unclassified Deltaproteobacteria,NA,NA,NA,unclassified Deltaproteobacteria
107624,lvp4,Cytochrome_c_oxidase_cbb3_type,0,unclassified Gammaproteobacteria,2,7,2,0,0,NA,unclassified Gammaproteobacteria,NA,NA,NA,unclassified Gammaproteobacteria
104283,lvp4,Formate_dehydrogenase_fdh,45.140635249,unclassified Gammaproteobacteria,2,11,2,45.140635249,5.36072951535016,NA,unclassified Gammaproteobacteria,NA,NA,NA,unclassified Gammaproteobacteria
104632,cv88,Nitric_oxide_reductase_norBCDEQW,0.957456002712,unclassified Gracilibacteria,1,18,1,0.957456002712,0.780727495672138,NA,unclassified Gracilibacteria,NA,NA,NA,unclassified Gracilibacteria
107623,cv88,Sulfide_quinone_oxidoreductase_sqr,1.76847755795,unclassified Gracilibacteria,1,22,1,1.76847755795,1.06105974401977,NA,unclassified Gracilibacteria,NA,NA,NA,unclassified Gracilibacteria
105282,cv88,Two_oxoglutarate_ferredoxin_oxidoreductase_korABGD,3.76565305212,unclassified Gracilibacteria,1,27,1,3.76565305212,1.54831818075482,NA,unclassified Gracilibacteria,NA,NA,NA,unclassified Gracilibacteria
104284,cv88,alkyl_hydroperoxide_reductase_subunit_C_ahp,31.808582894346,unclassified Gracilibacteria,1,2,1,31.808582894346,4.4999969779472,NA,unclassified Gracilibacteria,NA,NA,NA,unclassified Gracilibacteria
105729,lvp4,Cytochrome_oxidase,0,unclassified Marinimicrobia,2,10,2,0,0,NA,unclassified Marinimicrobia,NA,NA,NA,unclassified Marinimicrobia
104493,lvp4,Carbon_monoxide_dehydrogenase_large_subunit_codH,7.05322425765,unclassified Pelagibacteraceae,2,5,2,7.05322425765,2.1190143985737,NA,unclassified Pelagibacteraceae,NA,NA,NA,unclassified Pelagibacteraceae
106483,lvp4,Two_oxoglutarate_ferredoxin_oxidoreductase_korABGD,60.0473841659,unclassified Thaumarchaeota,2,27,2,60.0473841659,6.18282718818535,NA,unclassified Thaumarchaeota,NA,NA,NA,unclassified Thaumarchaeota
108274,cv88,superoxide_reductase,2.02559663552,Victivallis,1,25,1,2.02559663552,1.13557688819969,Bacteria,Verrucomicrobiota,Lentisphaeria,Victivallales,Victivallaceae,Victivallis
