tag,Kingdom,Phylum,Class,Order,Family,Genus
tag596,Bacteria,Mycoplasmatota,Mollicutes,Acholeplasmatales,Acholeplasmataceae,Unclassified Acholeplasmataceae
tag605,Archaea,Thermoproteota,Thermoprotei,Acidilobales,Caldisphaeraceae,Unclassified Caldisphaeraceae
tag487,Bacteria,Actinomycetota,Acidimicrobiia,Acidimicrobiales,Unclassified Acidimicrobiales,Unclassified Acidimicrobiales
tag704,Bacteria,Actinomycetota,Acidimicrobiia,Acidimicrobiales,Acidimicrobiaceae,Unclassified Acidimicrobiaceae
tag481,Bacteria,Proteobacteria,Gammaproteobacteria,Acidithiobacillales,Thermithiobacillaceae,Thermithiobacillus
tag502,Bacteria,Proteobacteria,Gammaproteobacteria,Acidithiobacillales,Acidithiobacillaceae,Acidithiobacillus
tag597,Bacteria,Acidobacteriota,Acidobacteriia,Acidobacteriales,Acidobacteriaceae,Unclassified Acidobacteriaceae
tag486,Bacteria,Actinomycetota,Actinomycetia,Actinomycetales,Actinomycetaceae,Trueperella
tag329,Bacteria,Proteobacteria,Gammaproteobacteria,Aeromonadales,Aeromonadaceae,Tolumonas
tag598,Bacteria,Proteobacteria,Gammaproteobacteria,Aeromonadales,Aeromonadaceae,Unclassified Aeromonadaceae
tag747,Bacteria,Proteobacteria,Gammaproteobacteria,Aeromonadales,Aeromonadaceae,Aeromonas
tag25,Bacteria,Proteobacteria,Gammaproteobacteria,Alteromonadales,Alteromonadaceae,Alteromonas
tag29,Bacteria,Proteobacteria,Gammaproteobacteria,Alteromonadales,Unclassified Alteromonadales,Unclassified Alteromonadales
tag38,Bacteria,Proteobacteria,Gammaproteobacteria,Alteromonadales,Colwelliaceae,Unclassified Colwelliaceae
tag55,Bacteria,Proteobacteria,Gammaproteobacteria,Alteromonadales,Alteromonadaceae,Marinobacter
tag133,Bacteria,Proteobacteria,Gammaproteobacteria,Alteromonadales,Shewanellaceae,Shewanella
tag134,Bacteria,Proteobacteria,Gammaproteobacteria,Alteromonadales,Alteromonadaceae,Marinimicrobium
tag142,Bacteria,Proteobacteria,Gammaproteobacteria,Alteromonadales,Alteromonadaceae,Melitea
tag166,Bacteria,Proteobacteria,Gammaproteobacteria,Alteromonadales,Alteromonadaceae,Haliea
tag199,Bacteria,Proteobacteria,Gammaproteobacteria,Alteromonadales,Alteromonadaceae,Pseudoteredinibacter
tag226,Bacteria,Proteobacteria,Gammaproteobacteria,Alteromonadales,Alteromonadaceae,Dasania
tag231,Bacteria,Proteobacteria,Gammaproteobacteria,Alteromonadales,Colwelliaceae,Thalassomonas
tag242,Bacteria,Proteobacteria,Gammaproteobacteria,Alteromonadales,Alteromonadaceae,Maricurvus
tag322,Bacteria,Proteobacteria,Gammaproteobacteria,Alteromonadales,Alteromonadaceae,Microbulbifer
tag366,Bacteria,Proteobacteria,Gammaproteobacteria,Alteromonadales,Pseudoalteromonadaceae,Algicola
tag384,Bacteria,Proteobacteria,Gammaproteobacteria,Alteromonadales,Alteromonadaceae,Porticoccus
tag475,Bacteria,Proteobacteria,Gammaproteobacteria,Alteromonadales,Idiomarinaceae,Pseudidiomarina
tag503,Bacteria,Proteobacteria,Gammaproteobacteria,Alteromonadales,Alteromonadaceae,Aestuariibacter
tag532,Bacteria,Proteobacteria,Gammaproteobacteria,Alteromonadales,Ferrimonadaceae,Ferrimonas
tag589,Bacteria,Proteobacteria,Gammaproteobacteria,Alteromonadales,Alteromonadaceae,Teredinibacter
tag619,Bacteria,Proteobacteria,Gammaproteobacteria,Alteromonadales,Psychromonadaceae,Unclassified Psychromonadaceae
tag664,Bacteria,Proteobacteria,Gammaproteobacteria,Alteromonadales,Colwelliaceae,Colwellia
tag674,Bacteria,Proteobacteria,Gammaproteobacteria,Alteromonadales,Pseudoalteromonadaceae,Pseudoalteromonas
tag676,Bacteria,Proteobacteria,Gammaproteobacteria,Alteromonadales,Psychromonadaceae,Psychromonas
tag755,Bacteria,Proteobacteria,Gammaproteobacteria,Alteromonadales,Alteromonadaceae,Eionea
tag797,Bacteria,Proteobacteria,Gammaproteobacteria,Alteromonadales,Alteromonadaceae,Unclassified Alteromonadaceae
tag809,Bacteria,Proteobacteria,Gammaproteobacteria,Alteromonadales,Idiomarinaceae,Idiomarina
tag223,Bacteria,Chloroflexota,Anaerolineae,Anaerolineales,Anaerolineaceae,Anaerolinea
tag348,Bacteria,Chloroflexota,Anaerolineae,Anaerolineales,Anaerolineaceae,Levilinea
tag378,Bacteria,Chloroflexota,Anaerolineae,Anaerolineales,Anaerolineaceae,Longilinea
tag544,Bacteria,Chloroflexota,Anaerolineae,Anaerolineales,Anaerolineaceae,Leptolinea
tag791,Bacteria,Chloroflexota,Anaerolineae,Anaerolineales,Anaerolineaceae,Unclassified Anaerolineaceae
tag40,Bacteria,Aquificota,Aquificae,Aquificales,Desulfurobacteriaceae,Desulfurobacterium
tag96,Bacteria,Aquificota,Aquificae,Aquificales,Hydrogenothermaceae,Unclassified Hydrogenothermaceae
tag157,Bacteria,Aquificota,Aquificae,Aquificales,Aquificaceae,Aquifex
tag172,Bacteria,Aquificota,Aquificae,Aquificales,Aquificaceae,Unclassified Aquificaceae
tag183,Bacteria,Aquificota,Aquificae,Aquificales,Hydrogenothermaceae,Persephonella
tag263,Bacteria,Aquificota,Aquificae,Aquificales,Hydrogenothermaceae,Sulfurihydrogenibium
tag30,Bacteria,Aquificota,Aquificia,Aquificales,Desulfurobacteriaceae,Unclassified Desulfurobacteriaceae
tag146,Archaea,Euryarchaeota,Archaeoglobi,Archaeoglobales,Archaeoglobaceae,Archaeoglobus
tag298,Archaea,Euryarchaeota,Archaeoglobi,Archaeoglobales,Archaeoglobaceae,Unclassified Archaeoglobaceae
tag43,Bacteria,Bacillota,Bacilli,Bacillales,Paenibacillaceae,Unclassified Paenibacillaceae
tag52,Bacteria,Bacillota,Bacilli,Bacillales,Unclassified Bacillales,Unclassified Bacillales
tag179,Bacteria,Bacillota,Bacilli,Bacillales,Bacillaceae,Unclassified Bacillaceae
tag195,Bacteria,Bacillota,Bacilli,Bacillales,Paenibacillaceae,Paenibacillus
tag214,Bacteria,Bacillota,Bacilli,Bacillales,Bacillaceae,Bacillus
tag222,Bacteria,Bacillota,Bacilli,Bacillales,Alicyclobacillaceae,Alicyclobacillus
tag296,Bacteria,Bacillota,Bacilli,Bacillales,Staphylococcaceae,Staphylococcus
tag335,Bacteria,Bacillota,Bacilli,Bacillales,Planococcaceae,Unclassified Planococcaceae
tag361,Bacteria,Bacillota,Bacilli,Bacillales,Thermoactinomycetaceae,Unclassified Thermoactinomycetaceae
tag409,Bacteria,Bacillota,Bacilli,Bacillales,Family XI Incertae Sedis,Gemella
tag458,Bacteria,Bacillota,Bacilli,Bacillales,Bacillaceae,Geobacillus
tag514,Bacteria,Bacillota,Bacilli,Bacillales,Paenibacillaceae,Cohnella
tag517,Bacteria,Bacillota,Bacilli,Bacillales,Thermoactinomycetaceae,Desmospora
tag542,Bacteria,Bacillota,Bacilli,Bacillales,Thermoactinomycetaceae,Laceyella
tag569,Bacteria,Bacillota,Bacilli,Bacillales,Thermoactinomycetaceae,Planifilum
tag591,Bacteria,Bacillota,Bacilli,Bacillales,Bacillaceae,Thalassobacillus
tag599,Bacteria,Bacillota,Bacilli,Bacillales,Alicyclobacillaceae,Unclassified Alicyclobacillaceae
tag686,Bacteria,Bacillota,Bacilli,Bacillales,Paenibacillaceae,Brevibacillus
tag2,Bacteria,Bacteroidota,Bacteroidia,Bacteroidales,Marinilabiaceae,Unclassified Marinilabiaceae
tag5,Bacteria,Bacteroidota,Bacteroidia,Bacteroidales,Marinilabiaceae,Alkaliflexus
tag35,Bacteria,Bacteroidota,Bacteroidia,Bacteroidales,Porphyromonadaceae,Odoribacter
tag47,Bacteria,Bacteroidota,Bacteroidia,Bacteroidales,Rikenellaceae,Alistipes
tag109,Bacteria,Bacteroidota,Bacteroidia,Bacteroidales,MgMjR-022,Bacteroidia
tag111,Bacteria,Bacteroidota,Bacteroidia,Bacteroidales,Bacteroidaceae,Bacteroides
tag145,Bacteria,Bacteroidota,Bacteroidia,Bacteroidales,Porphyromonadaceae,Unclassified Porphyromonadaceae
tag176,Bacteria,Bacteroidota,Bacteroidia,Bacteroidales,Marinilabiaceae,Marinilabilia
tag198,Bacteria,Bacteroidota,Bacteroidia,Bacteroidales,Porphyromonadaceae,Porphyromonas
tag245,Bacteria,Bacteroidota,Bacteroidia,Bacteroidales,Porphyromonadaceae,Parabacteroides
tag258,Bacteria,Bacteroidota,Bacteroidia,Bacteroidales,Porphyromonadaceae,Paludibacter
tag339,Bacteria,Bacteroidota,Bacteroidia,Bacteroidales,Marinilabiaceae,Anaerophaga
tag344,Bacteria,Bacteroidota,Bacteroidia,Bacteroidales,Porphyromonadaceae,Dysgonomonas
tag420,Bacteria,Bacteroidota,Bacteroidia,Bacteroidales,RF16,rumen bacterium YS3
tag507,Bacteria,Bacteroidota,Bacteroidia,Bacteroidales,Porphyromonadaceae,Butyricimonas
tag571,Bacteria,Bacteroidota,Bacteroidia,Bacteroidales,Porphyromonadaceae,Proteiniphilum
tag663,Bacteria,Bacteroidota,Bacteroidia,Bacteroidales,Marinilabiaceae,Marinifilum
tag687,Bacteria,Bacteroidota,Bacteroidia,Bacteroidales,Unclassified Bacteroidales,Unclassified Bacteroidales
tag728,Bacteria,Bacteroidota,Bacteroidia,Bacteroidales,Rikenellaceae,Unclassified Rikenellaceae
tag766,Bacteria,Bacteroidota,Bacteroidia,Bacteroidales,Prevotellaceae,Prevotella
tag779,Bacteria,Bacteroidota,Bacteroidia,Bacteroidales,Bacteroidaceae,Unclassified Bacteroidaceae
tag425,Bacteria,Proteobacteria,Deltaproteobacteria,Bdellovibrionales,Bdellovibrionaceae,Unclassified Bdellovibrionaceae
tag451,Bacteria,Proteobacteria,Deltaproteobacteria,Bdellovibrionales,Bacteriovoracaceae,Deferrisoma
tag489,Bacteria,Proteobacteria,Deltaproteobacteria,Bdellovibrionales,Unclassified Bdellovibrionales,Unclassified Bdellovibrionales
tag655,Bacteria,Proteobacteria,Deltaproteobacteria,Bdellovibrionales,Bacteriovoracaceae,Bacteriovorax
tag711,Bacteria,Proteobacteria,Deltaproteobacteria,Bdellovibrionales,Bdellovibrionaceae,Bdellovibrio
tag716,Bacteria,Proteobacteria,Deltaproteobacteria,Bdellovibrionales,Bacteriovoracaceae,Unclassified Bacteriovoracaceae
tag603,Bacteria,Actinomycetota,Actinomycetia,Bifidobacteriales,Bifidobacteriaceae,Unclassified Bifidobacteriaceae
tag773,Bacteria,Actinomycetota,Actinomycetia,Bifidobacteriales,Bifidobacteriaceae,Bifidobacterium
tag100,Bacteria,Planctomycetota,Planctomycetia,Brocadiales,Brocadiaceae,Unclassified Brocadiaceae
tag130,Bacteria,Planctomycetota,Planctomycetia,Brocadiales,Brocadiaceae,Candidatus Scalindua
tag300,Bacteria,Proteobacteria,Betaproteobacteria,Burkholderiales,Unclassified Burkholderiales,Unclassified Burkholderiales
tag501,Bacteria,Proteobacteria,Betaproteobacteria,Burkholderiales,Alcaligenaceae,Achromobacter
tag646,Bacteria,Proteobacteria,Betaproteobacteria,Burkholderiales,Burkholderiaceae,Cupriavidus
tag661,Bacteria,Proteobacteria,Betaproteobacteria,Burkholderiales,Comamonadaceae,Delftia
tag679,Bacteria,Proteobacteria,Betaproteobacteria,Burkholderiales,Comamonadaceae,Unclassified Comamonadaceae
tag680,Bacteria,Proteobacteria,Betaproteobacteria,Burkholderiales,Comamonadaceae,Comamonas
tag696,Bacteria,Proteobacteria,Betaproteobacteria,Burkholderiales,Oxalobacteraceae,Herbaspirillum
tag697,Bacteria,Proteobacteria,Betaproteobacteria,Burkholderiales,Burkholderiaceae,Unclassified Burkholderiaceae
tag703,Bacteria,Proteobacteria,Betaproteobacteria,Burkholderiales,Burkholderiaceae,Burkholderia
tag730,Bacteria,Proteobacteria,Betaproteobacteria,Burkholderiales,Comamonadaceae,Lampropedia
tag749,Bacteria,Proteobacteria,Betaproteobacteria,Burkholderiales,Burkholderiaceae,Candidatus Tremblaya
tag759,Bacteria,Proteobacteria,Betaproteobacteria,Burkholderiales,Oxalobacteraceae,Unclassified Oxalobacteraceae
tag162,Bacteria,Chloroflexota,Caldilineae,Caldilineales,Caldilineaceae,Caldilinea
tag496,Bacteria,Campylobacterota,Campylobacteria,Campylobacterales,Hydrogenimonaceae,Unclassified Hydrogenimonaceae
tag631,Bacteria,Campylobacterota,Campylobacteria,Campylobacterales,Helicobacteraceae,Sulfurovum
tag632,Bacteria,Campylobacterota,Campylobacteria,Campylobacterales,Campylobacteraceae,Arcobacter
tag633,Bacteria,Campylobacterota,Campylobacteria,Campylobacterales,Helicobacteraceae,Sulfurimonas
tag635,Bacteria,Campylobacterota,Campylobacteria,Campylobacterales,Unclassified Campylobacterales,Unclassified Campylobacterales
tag636,Bacteria,Campylobacterota,Campylobacteria,Campylobacterales,Helicobacteraceae,Unclassified Helicobacteraceae
tag639,Bacteria,Campylobacterota,Campylobacteria,Campylobacterales,Campylobacteraceae,Unclassified Campylobacteraceae
tag640,Bacteria,Campylobacterota,Campylobacteria,Campylobacterales,Campylobacteraceae,Campylobacter
tag642,Bacteria,Campylobacterota,Campylobacteria,Campylobacterales,Helicobacteraceae,Helicobacter
tag643,Bacteria,Campylobacterota,Campylobacteria,Campylobacterales,Campylobacteraceae,Sulfurospirillum
tag691,Bacteria,Campylobacterota,Campylobacteria,Campylobacterales,Helicobacteraceae,Wolinella
tag738,Bacteria,Campylobacterota,Campylobacteria,Campylobacterales,Helicobacteraceae,Sulfuricurvum
tag782,Bacteria,Campylobacterota,Campylobacteria,Campylobacterales,Hydrogenimonaceae,Hydrogenimonas
tag490,Bacteria,Spirochaetota,Spirochaetia,Candidatus Cloacamonas,Candidatus Cloacamonas acidaminovorans str. Evry,Unclassified Candidatus Cloacamonas acidaminovorans str. Evry
tag491,Archaea,Thaumarchaeota,Candidatus Nitrosocaldus,Candidatus Nitrosocaldus yellowstonii,Unclassified Candidatus Nitrosocaldus yellowstonii,Unclassified Candidatus Nitrosocaldus yellowstonii
tag678,Bacteria,Mycoplasmatota,Mollicutes,Candidatus Phytoplasma,Unclassified Candidatus Phytoplasma,Unclassified Candidatus Phytoplasma
tag117,Bacteria,Proteobacteria,Alphaproteobacteria,Caulobacterales,Hyphomonadaceae,Maricaulis
tag163,Bacteria,Proteobacteria,Alphaproteobacteria,Caulobacterales,Caulobacteraceae,Caulobacter
tag216,Bacteria,Proteobacteria,Alphaproteobacteria,Caulobacterales,Caulobacteraceae,Phenylobacterium
tag225,Bacteria,Proteobacteria,Alphaproteobacteria,Caulobacterales,Caulobacteraceae,Brevundimonas
tag359,Bacteria,Proteobacteria,Alphaproteobacteria,Caulobacterales,Caulobacteraceae,Unclassified Caulobacteraceae
tag412,Bacteria,Proteobacteria,Alphaproteobacteria,Caulobacterales,Hyphomonadaceae,Hellea
tag607,Bacteria,Proteobacteria,Alphaproteobacteria,Caulobacterales,Unclassified Caulobacterales,Unclassified Caulobacterales
tag611,Bacteria,Proteobacteria,Alphaproteobacteria,Caulobacterales,Hyphomonadaceae,Unclassified Hyphomonadaceae
tag97,Bacteria,Chlamydiota,Chlamydiia,Chlamydiales,Waddliaceae,Waddlia
tag178,Bacteria,Chlamydiota,Chlamydiia,Chlamydiales,Parachlamydiaceae,Parachlamydia
tag248,Bacteria,Chlamydiota,Chlamydiia,Chlamydiales,Chlamydiaceae,Unclassified Chlamydiaceae
tag308,Bacteria,Chlamydiota,Chlamydiia,Chlamydiales,Family Incertae Sedis,Criblamydia
tag753,Bacteria,Chlamydiota,Chlamydiia,Chlamydiales,Unclassified Chlamydiales,Unclassified Chlamydiales
tag804,Bacteria,Chlorobiota,Chlorobiia,Chlorobiales,Chlorobiaceae,Unclassified Chlorobiaceae
tag388,Bacteria,Chloroflexota,Chloroflexia,Chloroflexales,Chloroflexaceae,Unclassified Chloroflexaceae
tag62,Bacteria,Proteobacteria,Gammaproteobacteria,Chromatiales,Halothiobacillaceae,Halothiobacillus
tag137,Bacteria,Proteobacteria,Gammaproteobacteria,Chromatiales,Ectothiorhodospiraceae,Unclassified Ectothiorhodospiraceae
tag143,Bacteria,Proteobacteria,Gammaproteobacteria,Chromatiales,Ectothiorhodospiraceae,Thioalkalispira
tag147,Bacteria,Proteobacteria,Gammaproteobacteria,Chromatiales,Ectothiorhodospiraceae,Ectothiorhodospira
tag217,Bacteria,Proteobacteria,Gammaproteobacteria,Chromatiales,Unclassified Chromatiales,Unclassified Chromatiales
tag236,Bacteria,Proteobacteria,Gammaproteobacteria,Chromatiales,Chromatiaceae,Allochromatium
tag294,Bacteria,Proteobacteria,Gammaproteobacteria,Chromatiales,Chromatiaceae,Nitrosococcus
tag328,Bacteria,Proteobacteria,Gammaproteobacteria,Chromatiales,Ectothiorhodospiraceae,Thioalkalivibrio
tag462,Bacteria,Proteobacteria,Gammaproteobacteria,Chromatiales,Chromatiaceae,Lamprocystis
tag485,Bacteria,Proteobacteria,Gammaproteobacteria,Chromatiales,Chromatiaceae,Thiocapsa
tag495,Bacteria,Proteobacteria,Gammaproteobacteria,Chromatiales,Halothiobacillaceae,Unclassified Halothiobacillaceae
tag572,Bacteria,Proteobacteria,Gammaproteobacteria,Chromatiales,Chromatiaceae,Rheinheimera
tag594,Bacteria,Proteobacteria,Gammaproteobacteria,Chromatiales,Ectothiorhodospiraceae,Thiohalospira
tag685,Bacteria,Proteobacteria,Gammaproteobacteria,Chromatiales,Chromatiaceae,Unclassified Chromatiaceae
tag769,Bacteria,Proteobacteria,Gammaproteobacteria,Chromatiales,Chromatiaceae,Marichromatium
tag523,Bacteria,Chrysiogenota,Chrysiogenia,Chrysiogenales,Chrysiogenaceae,Desulfurispirillum
tag608,Bacteria,Chrysiogenota,Chrysiogenia,Chrysiogenales,Chrysiogenaceae,Unclassified Chrysiogenaceae
tag510,Bacteria,Verrucomicrobia,Spartobacteria,Chthoniobacterales,Xiphinematobacteraceae,Candidatus Xiphinematobacter
tag7,Bacteria,Bacillota,Clostridia,Clostridiales,Family XIII Incertae Sedis,Unclassified Family XIII Incertae Sedis 3
tag24,Bacteria,Bacillota,Clostridia,Clostridiales,Peptostreptococcaceae,Unclassified Peptostreptococcaceae
tag27,Bacteria,Bacillota,Clostridia,Clostridiales,Peptococcaceae,Desulfotomaculum
tag33,Bacteria,Bacillota,Clostridia,Clostridiales,Lachnospiraceae,Unclassified Lachnospiraceae
tag42,Bacteria,Bacillota,Clostridia,Clostridiales,Family XI Incertae Sedis,Anaerococcus
tag59,Bacteria,Bacillota,Clostridia,Clostridiales,Peptococcaceae,Unclassified Peptococcaceae
tag72,Bacteria,Bacillota,Clostridia,Clostridiales,Peptostreptococcaceae,Proteocatella
tag113,Bacteria,Bacillota,Clostridia,Clostridiales,Eubacteriaceae,Unclassified Eubacteriaceae
tag132,Bacteria,Bacillota,Clostridia,Clostridiales,Family XI Incertae Sedis,Parvimonas
tag135,Bacteria,Bacillota,Clostridia,Clostridiales,Ruminococcaceae,Ruminococcus
tag136,Bacteria,Bacillota,Clostridia,Clostridiales,Peptostreptococcaceae,Tepidibacter
tag140,Bacteria,Bacillota,Clostridia,Clostridiales,Ruminococcaceae,Faecalibacterium
tag154,Bacteria,Bacillota,Clostridia,Clostridiales,Heliobacteriaceae,Unclassified Heliobacteriaceae
tag159,Bacteria,Bacillota,Clostridia,Clostridiales,Family XVIII Incertae Sedis,Symbiobacterium
tag168,Bacteria,Bacillota,Clostridia,Clostridiales,Ruminococcaceae,Oscillibacter
tag185,Bacteria,Bacillota,Clostridia,Clostridiales,Family XI Incertae Sedis,Tissierella
tag188,Bacteria,Bacillota,Clostridia,Clostridiales,Family XII Incertae Sedis,Acidaminobacter
tag190,Bacteria,Bacillota,Clostridia,Clostridiales,Family XVI Incertae Sedis,Carboxydocella
tag220,Bacteria,Bacillota,Clostridia,Clostridiales,Family XI Incertae Sedis,Unclassified Family XI Incertae Sedis 1
tag224,Bacteria,Bacillota,Clostridia,Clostridiales,Lachnospiraceae,Blautia
tag240,Bacteria,Bacillota,Clostridia,Clostridiales,Family XI Incertae Sedis,Finegoldia
tag261,Bacteria,Bacillota,Clostridia,Clostridiales,Clostridiaceae,Proteiniclasticum
tag272,Bacteria,Bacillota,Clostridia,Clostridiales,Gracilibacteraceae,Gracilibacter
tag283,Bacteria,Bacillota,Clostridia,Clostridiales,Family XVII Incertae Sedis,Thermaerobacter
tag289,Bacteria,Bacillota,Clostridia,Clostridiales,Peptococcaceae,Desulfovirgula
tag301,Bacteria,Bacillota,Clostridia,Clostridiales,Family XII Incertae Sedis,Unclassified Family XII Incertae Sedis 2
tag313,Bacteria,Bacillota,Clostridia,Clostridiales,Clostridiaceae,Geosporobacter
tag338,Bacteria,Bacillota,Clostridia,Clostridiales,Eubacteriaceae,Acetobacterium
tag346,Bacteria,Bacillota,Clostridia,Clostridiales,Lachnospiraceae,Eubacterium
tag355,Bacteria,Bacillota,Clostridia,Clostridiales,Syntrophomonadaceae,Thermosyntropha
tag362,Bacteria,Bacillota,Clostridia,Clostridiales,Veillonellaceae,Unclassified Veillonellaceae
tag385,Bacteria,Bacillota,Clostridia,Clostridiales,Lachnospiraceae,Robinsoniella
tag397,Bacteria,Bacillota,Clostridia,Clostridiales,Eubacteriaceae,Alkalibacter
tag399,Bacteria,Bacillota,Clostridia,Clostridiales,Lachnospiraceae,Butyrivibrio
tag411,Bacteria,Bacillota,Clostridia,Clostridiales,Heliobacteriaceae,Heliorestis
tag424,Bacteria,Bacillota,Clostridia,Clostridiales,Veillonellaceae,Succinispira
tag439,Bacteria,Bacillota,Clostridia,Clostridiales,Clostridiaceae,Alkaliphilus
tag442,Bacteria,Bacillota,Clostridia,Clostridiales,Clostridiaceae,Anoxynatronum
tag446,Bacteria,Bacillota,Clostridia,Clostridiales,Clostridiaceae,Candidatus Arthromitus
tag454,Bacteria,Bacillota,Clostridia,Clostridiales,Peptococcaceae,Desulfitispora
tag479,Bacteria,Bacillota,Clostridia,Clostridiales,Peptococcaceae,Sporotomaculum
tag505,Bacteria,Bacillota,Clostridia,Clostridiales,Lachnospiraceae,Anaerostipes
tag508,Bacteria,Bacillota,Clostridia,Clostridiales,Syntrophomonadaceae,Candidatus Contubernalis
tag512,Bacteria,Bacillota,Clostridia,Clostridiales,Christensenellaceae,Christensenella
tag531,Bacteria,Bacillota,Clostridia,Clostridiales,Ruminococcaceae,Fastidiosipila
tag548,Bacteria,Bacillota,Clostridia,Clostridiales,Veillonellaceae,Megamonas
tag565,Bacteria,Bacillota,Clostridia,Clostridiales,Peptococcaceae,Pelotomaculum
tag566,Bacteria,Bacillota,Clostridia,Clostridiales,Family XI Incertae Sedis,Peptoniphilus
tag567,Bacteria,Bacillota,Clostridia,Clostridiales,Veillonellaceae,Phascolarctobacterium
tag580,Bacteria,Bacillota,Clostridia,Clostridiales,Veillonellaceae,Selenomonas
tag588,Bacteria,Bacillota,Clostridia,Clostridiales,Family XI Incertae Sedis,Tepidimicrobium
tag673,Bacteria,Bacillota,Clostridia,Clostridiales,Unclassified Clostridiales,Unclassified Clostridiales
tag681,Bacteria,Bacillota,Clostridia,Clostridiales,Caldicoprobacteraceae,Caldicoprobacter
tag705,Bacteria,Bacillota,Clostridia,Clostridiales,Clostridiaceae,Caloramator
tag743,Bacteria,Bacillota,Clostridia,Clostridiales,Clostridiaceae,Unclassified Clostridiaceae
tag760,Bacteria,Bacillota,Clostridia,Clostridiales,Family XII Incertae Sedis,Fusibacter
tag790,Bacteria,Bacillota,Clostridia,Clostridiales,Clostridiaceae,Clostridium
tag796,Bacteria,Bacillota,Clostridia,Clostridiales,Ruminococcaceae,Unclassified Ruminococcaceae
tag810,Bacteria,Bacillota,Clostridia,Clostridiales,Veillonellaceae,Negativicoccus
tag823,Bacteria,Bacillota,Clostridia,Clostridiales,Syntrophomonadaceae,Syntrophomonas
tag314,Bacteria,Actinomycetota,Coriobacteriia,Coriobacteriales,Coriobacteriaceae,Gordonibacter
tag389,Bacteria,Actinomycetota,Coriobacteriia,Coriobacteriales,Coriobacteriaceae,Unclassified Coriobacteriaceae
tag405,Bacteria,Actinomycetota,Coriobacteriia,Coriobacteriales,Coriobacteriaceae,Eggerthella
tag53,Bacteria,Actinomycetota,Actinomycetia,Corynebacteriales,Corynebacteriaceae,Unclassified Corynebacteriaceae
tag121,Bacteria,Actinomycetota,Actinomycetia,Corynebacteriales,Corynebacteriaceae,Corynebacterium
tag277,Bacteria,Actinomycetota,Actinomycetia,Corynebacteriales,Nocardiaceae,Nocardia
tag433,Bacteria,Actinomycetota,Actinomycetia,Corynebacteriales,Nocardiaceae,Unclassified Nocardiaceae
tag526,Bacteria,Actinomycetota,Actinomycetia,Corynebacteriales,Dietziaceae,Dietzia
tag573,Bacteria,Actinomycetota,Actinomycetia,Corynebacteriales,Nocardiaceae,Rhodococcus
tag617,Bacteria,Actinomycetota,Actinomycetia,Corynebacteriales,Mycobacteriaceae,Unclassified Mycobacteriaceae
tag725,Bacteria,Actinomycetota,Actinomycetia,Corynebacteriales,Mycobacteriaceae,Mycobacterium
tag754,Bacteria,Actinomycetota,Actinomycetia,Corynebacteriales,Unclassified Corynebacteriales,Unclassified Corynebacteriales
tag10,Bacteria,Bacteroidota,Cytophagia,Cytophagales,Cytophagaceae,Meniscus
tag37,Bacteria,Bacteroidota,Cytophagia,Cytophagales,Flammeovirgaceae,Persicobacter
tag50,Bacteria,Bacteroidota,Cytophagia,Cytophagales,Flammeovirgaceae,Flexithrix
tag102,Bacteria,Bacteroidota,Cytophagia,Cytophagales,Cytophagaceae,Adhaeribacter
tag115,Bacteria,Bacteroidota,Cytophagia,Cytophagales,Flammeovirgaceae,Reichenbachiella
tag120,Bacteria,Bacteroidota,Cytophagia,Cytophagales,Cytophagaceae,Pontibacter
tag126,Bacteria,Bacteroidota,Cytophagia,Cytophagales,Cytophagaceae,Flexibacter
tag175,Bacteria,Bacteroidota,Cytophagia,Cytophagales,Cytophagaceae,Hymenobacter
tag182,Bacteria,Bacteroidota,Cytophagia,Cytophagales,Flammeovirgaceae,Marivirga
tag241,Bacteria,Bacteroidota,Cytophagia,Cytophagales,Flammeovirgaceae,Flammeovirga
tag270,Bacteria,Bacteroidota,Cytophagia,Cytophagales,Cytophagaceae,Cytophaga
tag275,Bacteria,Bacteroidota,Cytophagia,Cytophagales,Flammeovirgaceae,Marinoscillum
tag280,Bacteria,Bacteroidota,Cytophagia,Cytophagales,Flammeovirgaceae,Rapidithrix
tag367,Bacteria,Bacteroidota,Cytophagia,Cytophagales,Cyclobacteriaceae,Algoriphagus
tag404,Bacteria,Bacteroidota,Cytophagia,Cytophagales,Cytophagaceae,Dyadobacter
tag406,Bacteria,Bacteroidota,Cytophagia,Cytophagales,Flammeovirgaceae,Fabibacter
tag408,Bacteria,Bacteroidota,Cytophagia,Cytophagales,Flammeovirgaceae,Fulvivirga
tag413,Bacteria,Bacteroidota,Cytophagia,Cytophagales,Cytophagaceae,Leadbetterella
tag422,Bacteria,Bacteroidota,Cytophagia,Cytophagales,Cytophagaceae,Spirosoma
tag423,Bacteria,Bacteroidota,Cytophagia,Cytophagales,Cytophagaceae,Sporocytophaga
tag443,Bacteria,Bacteroidota,Cytophagia,Cytophagales,Cytophagaceae,Arcicella
tag533,Bacteria,Bacteroidota,Cytophagia,Cytophagales,Cyclobacteriaceae,Fontibacter
tag693,Bacteria,Bacteroidota,Cytophagia,Cytophagales,Cytophagaceae,Unclassified Cytophagaceae
tag757,Bacteria,Bacteroidota,Cytophagia,Cytophagales,Cyclobacteriaceae,Unclassified Cyclobacteriaceae
tag761,Bacteria,Bacteroidota,Cytophagia,Cytophagales,Flammeovirgaceae,Unclassified Flammeovirgaceae
tag788,Bacteria,Bacteroidota,Cytophagia,Cytophagales,Unclassified Cytophagales,Unclassified Cytophagales
tag218,Bacteria,Deferribacterota,Deferribacteres,Deferribacterales,Deferribacteraceae,Unclassified Deferribacteraceae
tag227,Bacteria,Deferribacterota,Deferribacteres,Deferribacterales,Deferribacteraceae,Denitrovibrio
tag331,Bacteria,Deferribacterota,Deferribacteres,Deferribacterales,Family Incertae Sedis 3,Unclassified Family Incertae Sedis 3
tag555,Bacteria,Deferribacterota,Deferribacteres,Deferribacterales,Deferribacteraceae,Mucispirillum
tag742,Bacteria,Deferribacterota,Deferribacteres,Deferribacterales,Family Incertae Sedis,Caldithrix
tag816,Bacteria,Deferribacterota,Deferribacteres,Deferribacterales,Deferribacteraceae,Deferribacter
tag138,Bacteria,Deinococcus-Thermus,Deinococci,Deinococcales,Deinococcaceae,Deinococcus
tag492,Bacteria,Deinococcus-Thermus,Deinococci,Deinococcales,Deinococcaceae,Unclassified Deinococcaceae
tag123,Bacteria,Proteobacteria,Deltaproteobacteria,Desulfobacterales,Desulfobacteraceae,Desulfosarcina
tag237,Bacteria,Proteobacteria,Deltaproteobacteria,Desulfobacterales,Desulfobulbaceae,Desulfocapsa
tag281,Bacteria,Proteobacteria,Deltaproteobacteria,Desulfobacterales,Desulfobacteraceae,SEEP-SRB1
tag288,Bacteria,Proteobacteria,Deltaproteobacteria,Desulfobacterales,Desulfobulbaceae,Desulfopila
tag324,Bacteria,Proteobacteria,Deltaproteobacteria,Desulfobacterales,Nitrospinaceae,Nitrospina
tag372,Bacteria,Proteobacteria,Deltaproteobacteria,Desulfobacterales,Desulfobacteraceae,Desulfofrigus
tag373,Bacteria,Proteobacteria,Deltaproteobacteria,Desulfobacterales,Desulfobulbaceae,Desulforhopalus
tag396,Bacteria,Proteobacteria,Deltaproteobacteria,Desulfobacterales,Desulfobacteraceae,Algorimarina
tag403,Bacteria,Proteobacteria,Deltaproteobacteria,Desulfobacterales,Desulfobacteraceae,Desulfonema
tag453,Bacteria,Proteobacteria,Deltaproteobacteria,Desulfobacterales,Desulfobacteraceae,Desulfatibacillum
tag518,Bacteria,Proteobacteria,Deltaproteobacteria,Desulfobacterales,Desulfobacteraceae,Desulfobacter
tag519,Bacteria,Proteobacteria,Deltaproteobacteria,Desulfobacterales,Desulfobacteraceae,Desulfobacula
tag520,Bacteria,Proteobacteria,Deltaproteobacteria,Desulfobacterales,Desulfobulbaceae,Desulfofustis
tag521,Bacteria,Proteobacteria,Deltaproteobacteria,Desulfobacterales,Desulfobacteraceae,Desulfospira
tag524,Bacteria,Proteobacteria,Deltaproteobacteria,Desulfobacterales,Desulfobulbaceae,Desulfurivibrio
tag651,Bacteria,Proteobacteria,Deltaproteobacteria,Desulfobacterales,Desulfobacteraceae,Unclassified Desulfobacteraceae
tag652,Bacteria,Proteobacteria,Deltaproteobacteria,Desulfobacterales,Desulfobulbaceae,Unclassified Desulfobulbaceae
tag690,Bacteria,Proteobacteria,Deltaproteobacteria,Desulfobacterales,Desulfobulbaceae,Desulfobulbus
tag700,Bacteria,Proteobacteria,Deltaproteobacteria,Desulfobacterales,Desulfobacteraceae,Desulfobacterium
tag774,Bacteria,Proteobacteria,Deltaproteobacteria,Desulfobacterales,Desulfobacteraceae,Desulfocella
tag776,Bacteria,Proteobacteria,Deltaproteobacteria,Desulfobacterales,Desulfobacteraceae,Desulfoluna
tag795,Bacteria,Proteobacteria,Deltaproteobacteria,Desulfobacterales,Desulfobulbaceae,Desulfotalea
tag803,Bacteria,Proteobacteria,Deltaproteobacteria,Desulfobacterales,Unclassified Desulfobacterales,Unclassified Desulfobacterales
tag818,Bacteria,Proteobacteria,Deltaproteobacteria,Desulfobacterales,Desulfobacteraceae,Desulfococcus
tag89,Bacteria,Proteobacteria,Deltaproteobacteria,Desulfovibrionales,Desulfovibrionaceae,Unclassified Desulfovibrionaceae
tag158,Bacteria,Proteobacteria,Deltaproteobacteria,Desulfovibrionales,Desulfohalobiaceae,Desulfonatronovibrio
tag254,Bacteria,Proteobacteria,Deltaproteobacteria,Desulfovibrionales,Desulfohalobiaceae,Desulfovermiculus
tag309,Bacteria,Proteobacteria,Deltaproteobacteria,Desulfovibrionales,Desulfonatronaceae,Desulfonatronum
tag402,Bacteria,Proteobacteria,Deltaproteobacteria,Desulfovibrionales,Desulfohalobiaceae,Desulfonauticus
tag427,Bacteria,Proteobacteria,Deltaproteobacteria,Desulfovibrionales,Desulfohalobiaceae,Unclassified Desulfohalobiaceae
tag522,Bacteria,Proteobacteria,Deltaproteobacteria,Desulfovibrionales,Desulfohalobiaceae,Desulfovibrionales
tag672,Bacteria,Proteobacteria,Deltaproteobacteria,Desulfovibrionales,Desulfovibrionaceae,Desulfovibrio
tag748,Bacteria,Proteobacteria,Deltaproteobacteria,Desulfovibrionales,Unclassified Desulfovibrionales,Unclassified Desulfovibrionales
tag657,Bacteria,Proteobacteria,Deltaproteobacteria,Desulfurellales,Desulfurellaceae,Hippea
tag746,Bacteria,Proteobacteria,Deltaproteobacteria,Desulfurellales,Desulfurellaceae,Unclassified Desulfurellaceae
tag211,Archaea,Thermoproteota,Thermoprotei,Desulfurococcales,Desulfurococcaceae,Unclassified Desulfurococcaceae
tag483,Archaea,Thermoproteota,Thermoprotei,Desulfurococcales,Desulfurococcaceae,Thermodiscus
tag609,Archaea,Thermoproteota,Thermoprotei,Desulfurococcales,Unclassified Desulfurococcales,Unclassified Desulfurococcales
tag11,Bacteria,Proteobacteria,Deltaproteobacteria,Desulfuromonadales,Geobacteraceae,Geobacter
tag23,Bacteria,Proteobacteria,Deltaproteobacteria,Desulfuromonadales,Desulfuromonadaceae,Desulfuromonas
tag84,Bacteria,Proteobacteria,Deltaproteobacteria,Desulfuromonadales,Geobacteraceae,Unclassified Geobacteraceae
tag87,Bacteria,Proteobacteria,Deltaproteobacteria,Desulfuromonadales,Desulfuromonadaceae,Desulfuromusa
tag207,Bacteria,Proteobacteria,Deltaproteobacteria,Desulfuromonadales,GR-WP33-58,delta proteobacterium GMD14H09
tag259,Bacteria,Proteobacteria,Deltaproteobacteria,Desulfuromonadales,Sva1033,Unclassified Sva1033
tag279,Bacteria,Proteobacteria,Deltaproteobacteria,Desulfuromonadales,Desulfuromonadaceae,Pelobacter
tag312,Bacteria,Proteobacteria,Deltaproteobacteria,Desulfuromonadales,JN18-A94-J,Geobacteraceae
tag459,Bacteria,Proteobacteria,Deltaproteobacteria,Desulfuromonadales,Geobacteraceae,Geothermobacter
tag547,Bacteria,Proteobacteria,Deltaproteobacteria,Desulfuromonadales,Desulfuromonadaceae,Malonomas
tag653,Bacteria,Proteobacteria,Deltaproteobacteria,Desulfuromonadales,Unclassified Desulfuromonadales,Unclassified Desulfuromonadales
tag785,Bacteria,Proteobacteria,Deltaproteobacteria,Desulfuromonadales,Desulfuromonadaceae,Unclassified Desulfuromonadaceae
tag238,Bacteria,Dictyoglomi,Dictyoglomia,Dictyoglomales,Dictyoglomaceae,Dictyoglomus
tag610,Bacteria,Dictyoglomi,Dictyoglomia,Dictyoglomales,Dictyoglomaceae,Unclassified Dictyoglomaceae
tag527,Bacteria,Elusimicrobia,Elusimicrobia,Elusimicrobiales,Elusimicrobiaceae,Elusimicrobium
tag67,Bacteria,Proteobacteria,Gammaproteobacteria,Enterobacteriales,Enterobacteriaceae,Unclassified Enterobacteriaceae
tag148,Bacteria,Proteobacteria,Gammaproteobacteria,Enterobacteriales,Enterobacteriaceae,Escherichia-Shigella
tag306,Bacteria,Proteobacteria,Gammaproteobacteria,Enterobacteriales,Enterobacteriaceae,Cedecea
tag447,Bacteria,Proteobacteria,Gammaproteobacteria,Enterobacteriales,Enterobacteriaceae,Candidatus Baumannia
tag448,Bacteria,Proteobacteria,Gammaproteobacteria,Enterobacteriales,Enterobacteriaceae,Candidatus Blochmannia
tag219,Bacteria,Mycoplasmatota,Mollicutes,Entomoplasmatales,Unclassified Entomoplasmatales,Unclassified Entomoplasmatales
tag741,Bacteria,Mycoplasmatota,Mollicutes,Entomoplasmatales,Spiroplasmataceae,Spiroplasma
tag814,Bacteria,Mycoplasmatota,Mollicutes,Entomoplasmatales,Entomoplasmataceae,Unclassified Entomoplasmataceae
tag234,Bacteria,Bacillota,Erysipelotrichia,Erysipelotrichales,Erysipelotrichaceae,Turicibacter
tag249,Bacteria,Bacillota,Erysipelotrichia,Erysipelotrichales,Erysipelotrichaceae,Unclassified Erysipelotrichaceae
tag291,Bacteria,Bacillota,Erysipelotrichia,Erysipelotrichales,Erysipelotrichaceae,Erysipelotrichaceae
tag445,Bacteria,Bacillota,Erysipelotrichia,Erysipelotrichales,Erysipelotrichaceae,Bulleidia
tag530,Bacteria,Bacillota,Erysipelotrichia,Erysipelotrichales,Erysipelotrichaceae,Erysipelothrix
tag775,Bacteria,Bacillota,Erysipelotrichia,Erysipelotrichales,Erysipelotrichaceae,Asteroleplasma
tag16,Bacteria,Bacteroidota,Flavobacteriia,Flavobacteriales,Flavobacteriaceae,Flavobacterium
tag22,Bacteria,Bacteroidota,Flavobacteriia,Flavobacteriales,Cryomorphaceae,Wandonia
tag39,Bacteria,Bacteroidota,Flavobacteriia,Flavobacteriales,Flavobacteriaceae,Gramella
tag44,Bacteria,Bacteroidota,Flavobacteriia,Flavobacteriales,Flavobacteriaceae,Chryseobacterium
tag46,Bacteria,Bacteroidota,Flavobacteriia,Flavobacteriales,Flavobacteriaceae,Bergeyella
tag54,Bacteria,Bacteroidota,Flavobacteriia,Flavobacteriales,Flavobacteriaceae,Lutibacter
tag77,Bacteria,Bacteroidota,Flavobacteriia,Flavobacteriales,Flavobacteriaceae,Ornithobacterium
tag82,Bacteria,Bacteroidota,Flavobacteriia,Flavobacteriales,Flavobacteriaceae,Mesonia
tag85,Bacteria,Bacteroidota,Flavobacteriia,Flavobacteriales,Flavobacteriaceae,Weeksella
tag88,Bacteria,Bacteroidota,Flavobacteriia,Flavobacteriales,Flavobacteriaceae,Persicivirga
tag98,Bacteria,Bacteroidota,Flavobacteriia,Flavobacteriales,Flavobacteriaceae,Gilvibacter
tag131,Bacteria,Bacteroidota,Flavobacteriia,Flavobacteriales,Flavobacteriaceae,Maritimimonas
tag180,Bacteria,Bacteroidota,Flavobacteriia,Flavobacteriales,Flavobacteriaceae,Winogradskyella
tag189,Bacteria,Bacteroidota,Flavobacteriia,Flavobacteriales,Flavobacteriaceae,Arenibacter
tag191,Bacteria,Bacteroidota,Flavobacteriia,Flavobacteriales,Cryomorphaceae,Crocinitomix
tag193,Bacteria,Bacteroidota,Flavobacteriia,Flavobacteriales,Flavobacteriaceae,Meridianimaribacter
tag194,Bacteria,Bacteroidota,Flavobacteriia,Flavobacteriales,Flavobacteriaceae,Mesoflavibacter
tag253,Bacteria,Bacteroidota,Flavobacteriia,Flavobacteriales,Flavobacteriaceae,Capnocytophaga
tag257,Bacteria,Bacteroidota,Flavobacteriia,Flavobacteriales,Flavobacteriaceae,Muricauda
tag274,Bacteria,Bacteroidota,Flavobacteriia,Flavobacteriales,Flavobacteriaceae,Maribacter
tag284,Bacteria,Bacteroidota,Flavobacteriia,Flavobacteriales,Flavobacteriaceae,Zhouia
tag286,Bacteria,Bacteroidota,Flavobacteriia,Flavobacteriales,Blattabacteriaceae,Blattabacterium
tag290,Bacteria,Bacteroidota,Flavobacteriia,Flavobacteriales,Flavobacteriaceae,Elizabethkingia
tag358,Bacteria,Bacteroidota,Flavobacteriia,Flavobacteriales,Blattabacteriaceae,Unclassified Blattabacteriaceae
tag365,Bacteria,Bacteroidota,Flavobacteriia,Flavobacteriales,Flavobacteriaceae,Algibacter
tag371,Bacteria,Bacteroidota,Flavobacteriia,Flavobacteriales,Blattabacteriaceae,Candidatus Sulcia
tag377,Bacteria,Bacteroidota,Flavobacteriia,Flavobacteriales,Flavobacteriaceae,Kordia
tag381,Bacteria,Bacteroidota,Flavobacteriia,Flavobacteriales,Flavobacteriaceae,Myroides
tag407,Bacteria,Bacteroidota,Flavobacteriia,Flavobacteriales,Cryomorphaceae,Fluviicola
tag410,Bacteria,Bacteroidota,Flavobacteriia,Flavobacteriales,Flavobacteriaceae,Gillisia
tag414,Bacteria,Bacteroidota,Flavobacteriia,Flavobacteriales,Flavobacteriaceae,Lutaonella
tag419,Bacteria,Bacteroidota,Flavobacteriia,Flavobacteriales,Flavobacteriaceae,Robiginitalea
tag437,Bacteria,Bacteroidota,Flavobacteriia,Flavobacteriales,Flavobacteriaceae,Actibacter
tag438,Bacteria,Bacteroidota,Flavobacteriia,Flavobacteriales,Flavobacteriaceae,Aequorivita
tag444,Bacteria,Bacteroidota,Flavobacteriia,Flavobacteriales,Cryomorphaceae,Brumimicrobium
tag450,Bacteria,Bacteroidota,Flavobacteriia,Flavobacteriales,Flavobacteriaceae,Costertonia
tag461,Bacteria,Bacteroidota,Flavobacteriia,Flavobacteriales,Flavobacteriaceae,Krokinobacter
tag500,Bacteria,Bacteroidota,Flavobacteriia,Flavobacteriales,Flavobacteriaceae,Wautersiella
tag511,Bacteria,Bacteroidota,Flavobacteriia,Flavobacteriales,Flavobacteriaceae,Cellulophaga
tag529,Bacteria,Bacteroidota,Flavobacteriia,Flavobacteriales,Flavobacteriaceae,Empedobacter
tag561,Bacteria,Bacteroidota,Flavobacteriia,Flavobacteriales,Cryomorphaceae,NS7 marine group
tag579,Bacteria,Bacteroidota,Flavobacteriia,Flavobacteriales,Flavobacteriaceae,Sediminibacter
tag583,Bacteria,Bacteroidota,Flavobacteriia,Flavobacteriales,Flavobacteriaceae,Stenothermobacter
tag630,Bacteria,Bacteroidota,Flavobacteriia,Flavobacteriales,Flavobacteriaceae,Zunongwangia
tag658,Bacteria,Bacteroidota,Flavobacteriia,Flavobacteriales,Flavobacteriaceae,Unclassified Flavobacteriaceae
tag667,Bacteria,Bacteroidota,Flavobacteriia,Flavobacteriales,Cryomorphaceae,Unclassified Cryomorphaceae
tag710,Bacteria,Bacteroidota,Flavobacteriia,Flavobacteriales,Flavobacteriaceae,Riemerella
tag735,Bacteria,Bacteroidota,Flavobacteriia,Flavobacteriales,Flavobacteriaceae,Zobellia
tag762,Bacteria,Bacteroidota,Flavobacteriia,Flavobacteriales,Flavobacteriaceae,Tenacibaculum
tag763,Bacteria,Bacteroidota,Flavobacteriia,Flavobacteriales,Flavobacteriaceae,Polaribacter
tag772,Bacteria,Bacteroidota,Flavobacteriia,Flavobacteriales,Cryomorphaceae,Lishizhenia
tag783,Bacteria,Bacteroidota,Flavobacteriia,Flavobacteriales,Unclassified Flavobacteriales,Unclassified Flavobacteriales
tag793,Bacteria,Bacteroidota,Flavobacteriia,Flavobacteriales,Cryomorphaceae,Owenweeksia
tag430,Bacteria,Actinomycetota,Actinomycetia,Frankiales,Unclassified Frankiales,Unclassified Frankiales
tag554,Bacteria,Actinomycetota,Actinomycetia,Frankiales,Geodermatophilaceae,Modestobacter
tag45,Bacteria,Fusobacteria,Fusobacteria,Fusobacteriales,Fusobacteriaceae,Psychrilyobacter
tag160,Bacteria,Fusobacteria,Fusobacteria,Fusobacteriales,Unclassified Fusobacteriales,Unclassified Fusobacteriales
tag255,Bacteria,Fusobacteria,Fusobacteria,Fusobacteriales,Fusobacteriaceae,Ilyobacter
tag391,Bacteria,Fusobacteria,Fusobacteria,Fusobacteriales,Leptotrichiaceae,Unclassified Leptotrichiaceae
tag421,Bacteria,Fusobacteria,Fusobacteria,Fusobacteriales,Leptotrichiaceae,Sebaldella
tag456,Bacteria,Fusobacteria,Fusobacteria,Fusobacteriales,Fusobacteriaceae,Fusobacterium
tag682,Bacteria,Fusobacteria,Fusobacteria,Fusobacteriales,Fusobacteriaceae,Unclassified Fusobacteriaceae
tag813,Bacteria,Fusobacteria,Fusobacteria,Fusobacteriales,Leptotrichiaceae,Streptobacillus
tag105,Bacteria,Bacillota,Clostridia,Halanaerobiales,Halanaerobiaceae,Halocella
tag215,Bacteria,Bacillota,Clostridia,Halanaerobiales,Halanaerobiaceae,Halanaerobium
tag431,Bacteria,Bacillota,Clostridia,Halanaerobiales,Halanaerobiaceae,Unclassified Halanaerobiaceae
tag494,Bacteria,Bacillota,Clostridia,Halanaerobiales,Halobacteroidaceae,Unclassified Halobacteroidaceae
tag74,Archaea,Euryarchaeota,Halobacteria,Halobacteriales,Halobacteriaceae,Unclassified Halobacteriaceae
tag273,Archaea,Euryarchaeota,Halobacteria,Halobacteriales,Halobacteriaceae,Halorubrum
tag292,Archaea,Euryarchaeota,Halobacteria,Halobacteriales,Halobacteriaceae,Haloterrigena
tag302,Archaea,Euryarchaeota,Halobacteria,Halobacteriales,MSP41,Unclassified MSP41
tag333,Archaea,Euryarchaeota,Halobacteria,Halobacteriales,Unclassified Halobacteriales,Unclassified Halobacteriales
tag347,Archaea,Euryarchaeota,Halobacteria,Halobacteriales,Halobacteriaceae,Haloarcula
tag460,Archaea,Euryarchaeota,Halobacteria,Halobacteriales,Halobacteriaceae,Halostagnicola
tag167,Bacteria,Mycoplasmatota,Mollicutes,Haloplasmatales,Haloplasmataceae,Haloplasma
tag376,Bacteria,Chlorobiota,Ignavibacteria,Ignavibacteriales,Ignavibacteriaceae,Ignavibacterium
tag744,Bacteria,Chlorobiota,Ignavibacteria,Ignavibacteriales,IheB3-7,Melioribacter
tag612,Bacteria,Chloroflexota,Ktedonobacteria,Ktedonobacterales,Unclassified Ktedonobacterales,Unclassified Ktedonobacterales
tag68,Bacteria,Bacillota,Bacilli,Lactobacillales,Unclassified Lactobacillales,Unclassified Lactobacillales
tag71,Bacteria,Bacillota,Bacilli,Lactobacillales,Lactobacillaceae,Lactobacillus
tag186,Bacteria,Bacillota,Bacilli,Lactobacillales,Lactobacillaceae,Unclassified Lactobacillaceae
tag345,Bacteria,Bacillota,Bacilli,Lactobacillales,Enterococcaceae,Enterococcus
tag364,Bacteria,Bacillota,Bacilli,Lactobacillales,Aerococcaceae,Aerococcus
tag434,Bacteria,Bacillota,Bacilli,Lactobacillales,Streptococcaceae,Unclassified Streptococcaceae
tag463,Bacteria,Bacillota,Bacilli,Lactobacillales,Leuconostocaceae,Leuconostoc
tag488,Bacteria,Bacillota,Bacilli,Lactobacillales,Aerococcaceae,Unclassified Aerococcaceae
tag493,Bacteria,Bacillota,Bacilli,Lactobacillales,Enterococcaceae,Unclassified Enterococcaceae
tag543,Bacteria,Bacillota,Bacilli,Lactobacillales,Streptococcaceae,Lactococcus
tag698,Bacteria,Bacillota,Bacilli,Lactobacillales,Leuconostocaceae,Unclassified Leuconostocaceae
tag712,Bacteria,Bacillota,Bacilli,Lactobacillales,Leuconostocaceae,Weissella
tag794,Bacteria,Bacillota,Bacilli,Lactobacillales,Streptococcaceae,Streptococcus
tag127,Bacteria,Proteobacteria,Gammaproteobacteria,Legionellales,Legionellaceae,Legionella
tag515,Bacteria,Proteobacteria,Gammaproteobacteria,Legionellales,Coxiellaceae,Coxiella
tag613,Bacteria,Proteobacteria,Gammaproteobacteria,Legionellales,Legionellaceae,Unclassified Legionellaceae
tag203,Bacteria,Lentisphaerae,Lentisphaeria,Lentisphaerales,Lentisphaeraceae,Unclassified Lentisphaeraceae
tag786,Bacteria,Lentisphaerae,Lentisphaeria,Lentisphaerales,Lentisphaeraceae,Lentisphaera
tag95,Archaea,Euryarchaeota,Methanobacteria,Methanobacteriales,Unclassified Methanobacteriales,Unclassified Methanobacteriales
tag276,Archaea,Euryarchaeota,Methanobacteria,Methanobacteriales,Methanobacteriaceae,Methanothermobacter
tag334,Archaea,Euryarchaeota,Methanobacteria,Methanobacteriales,Methanothermaceae,Unclassified Methanothermaceae
tag380,Archaea,Euryarchaeota,Methanobacteria,Methanobacteriales,Methanobacteriaceae,Methanobrevibacter
tag466,Archaea,Euryarchaeota,Methanobacteria,Methanobacteriales,Methanobacteriaceae,Methanobacterium
tag708,Archaea,Euryarchaeota,Methanobacteria,Methanobacteriales,Methanobacteriaceae,Unclassified Methanobacteriaceae
tag756,Archaea,Euryarchaeota,Methanobacteria,Methanobacteriales,Methanobacteriaceae,Methanosphaera
tag57,Archaea,Euryarchaeota,Methanococci,Methanococcales,Unclassified Methanococcales,Unclassified Methanococcales
tag350,Archaea,Euryarchaeota,Methanococci,Methanococcales,Methanococcaceae,Methanothermococcus
tag467,Archaea,Euryarchaeota,Methanococci,Methanococcales,Methanocaldococcaceae,Methanocaldococcus
tag468,Archaea,Euryarchaeota,Methanococci,Methanococcales,Methanococcaceae,Methanococcus
tag684,Archaea,Euryarchaeota,Methanococci,Methanococcales,Methanococcaceae,Unclassified Methanococcaceae
tag722,Archaea,Euryarchaeota,Methanococci,Methanococcales,Methanocaldococcaceae,Unclassified Methanocaldococcaceae
tag21,Archaea,Euryarchaeota,Methanomicrobia,Methanomicrobiales,Methanospirillaceae,Unclassified Methanospirillaceae
tag129,Archaea,Euryarchaeota,Methanomicrobia,Methanomicrobiales,Methanomicrobiaceae,Unclassified Methanomicrobiaceae
tag243,Archaea,Euryarchaeota,Methanomicrobia,Methanomicrobiales,Methanocorpusculaceae,Methanocorpusculum
tag349,Archaea,Euryarchaeota,Methanomicrobia,Methanomicrobiales,Methanoregulaceae,Methanoregula
tag469,Archaea,Euryarchaeota,Methanomicrobia,Methanomicrobiales,Methanomicrobiaceae,Methanoculleus
tag470,Archaea,Euryarchaeota,Methanomicrobia,Methanomicrobiales,Methanomicrobiaceae,Methanogenium
tag615,Archaea,Euryarchaeota,Methanomicrobia,Methanomicrobiales,Methanoregulaceae,Unclassified Methanoregulaceae
tag723,Archaea,Euryarchaeota,Methanomicrobia,Methanomicrobiales,Unclassified Methanomicrobiales,Unclassified Methanomicrobiales
tag740,Archaea,Euryarchaeota,Methanomicrobia,Methanomicrobiales,Methanospirillaceae,Methanospirillum
tag144,Archaea,Euryarchaeota,Methanomicrobia,Methanosarcinales,Methanosaetaceae,Unclassified Methanosaetaceae
tag213,Archaea,Euryarchaeota,Methanomicrobia,Methanosarcinales,Unclassified Methanosarcinales,Unclassified Methanosarcinales
tag321,Archaea,Euryarchaeota,Methanomicrobia,Methanosarcinales,Methanosaetaceae,Methanosaeta
tag471,Archaea,Euryarchaeota,Methanomicrobia,Methanosarcinales,Methanosarcinaceae,Methanosarcina
tag550,Archaea,Euryarchaeota,Methanomicrobia,Methanosarcinales,Methanosarcinaceae,Methanimicrococcus
tag551,Archaea,Euryarchaeota,Methanomicrobia,Methanosarcinales,Methanosarcinaceae,Methanohalophilus
tag552,Archaea,Euryarchaeota,Methanomicrobia,Methanosarcinales,Methermicoccaceae,Methermicoccus
tag765,Archaea,Euryarchaeota,Methanomicrobia,Methanosarcinales,Methanosarcinaceae,Unclassified Methanosarcinaceae
tag13,Bacteria,Proteobacteria,Gammaproteobacteria,Methylococcales,Methylococcaceae,Methylomicrobium
tag83,Bacteria,Proteobacteria,Gammaproteobacteria,Methylococcales,Unclassified Methylococcales,Unclassified Methylococcales
tag107,Bacteria,Proteobacteria,Gammaproteobacteria,Methylococcales,Methylococcaceae,Unclassified Methylococcaceae
tag293,Bacteria,Proteobacteria,Gammaproteobacteria,Methylococcales,Methylococcaceae,Methylomonas
tag472,Bacteria,Proteobacteria,Gammaproteobacteria,Methylococcales,Methylococcaceae,Methylobacter
tag553,Bacteria,Proteobacteria,Gammaproteobacteria,Methylococcales,ET-SHO,Methylococcaceae
tag616,Bacteria,Proteobacteria,Betaproteobacteria,Methylophilales,Methylophilaceae,Unclassified Methylophilaceae
tag69,Bacteria,Actinomycetota,Actinomycetia,Micrococcales,Microbacteriaceae,Unclassified Microbacteriaceae
tag169,Bacteria,Actinomycetota,Actinomycetia,Micrococcales,Microbacteriaceae,Rathayibacter
tag177,Bacteria,Actinomycetota,Actinomycetia,Micrococcales,Microbacteriaceae,Microbacterium
tag305,Bacteria,Actinomycetota,Actinomycetia,Micrococcales,Microbacteriaceae,Agrococcus
tag318,Bacteria,Actinomycetota,Actinomycetia,Micrococcales,Microbacteriaceae,Leucobacter
tag401,Bacteria,Actinomycetota,Actinomycetia,Micrococcales,Microbacteriaceae,Curtobacterium
tag498,Bacteria,Actinomycetota,Actinomycetia,Micrococcales,Micrococcaceae,Unclassified Micrococcaceae
tag513,Bacteria,Actinomycetota,Actinomycetia,Micrococcales,Microbacteriaceae,Clavibacter
tag541,Bacteria,Actinomycetota,Actinomycetia,Micrococcales,Micrococcaceae,Kocuria
tag558,Bacteria,Actinomycetota,Actinomycetia,Micrococcales,Micrococcaceae,Nesterenkonia
tag574,Bacteria,Actinomycetota,Actinomycetia,Micrococcales,Microbacteriaceae,Rhodoglobus
tag692,Bacteria,Actinomycetota,Actinomycetia,Micrococcales,Unclassified Micrococcales,Unclassified Micrococcales
tag721,Bacteria,Actinomycetota,Actinomycetia,Micrococcales,Micrococcaceae,Rothia
tag758,Bacteria,Actinomycetota,Actinomycetia,Micrococcales,Dermacoccaceae,Unclassified Dermacoccaceae
tag14,Bacteria,Mycoplasmatota,Mollicutes,Mycoplasmatales,Mycoplasmataceae,Mycoplasma
tag400,Bacteria,Mycoplasmatota,Mollicutes,Mycoplasmatales,Mycoplasmataceae,Candidatus Lumbricincola
tag718,Bacteria,Mycoplasmatota,Mollicutes,Mycoplasmatales,Mycoplasmataceae,Unclassified Mycoplasmataceae
tag720,Bacteria,Mycoplasmatota,Mollicutes,Mycoplasmatales,Mycoplasmataceae,Ureaplasma
tag3,Bacteria,Proteobacteria,Deltaproteobacteria,Myxococcales,Unclassified Myxococcales,Unclassified Myxococcales
tag18,Bacteria,Proteobacteria,Deltaproteobacteria,Myxococcales,Polyangiaceae,Unclassified Polyangiaceae
tag66,Bacteria,Proteobacteria,Deltaproteobacteria,Myxococcales,Haliangiaceae,Haliangium
tag73,Bacteria,Proteobacteria,Deltaproteobacteria,Myxococcales,Nannocystaceae,Unclassified Nannocystaceae
tag90,Bacteria,Proteobacteria,Deltaproteobacteria,Myxococcales,Polyangiaceae,Chondromyces
tag151,Bacteria,Proteobacteria,Deltaproteobacteria,Myxococcales,Phaselicystidaceae,Phaselicystis
tag181,Bacteria,Proteobacteria,Deltaproteobacteria,Myxococcales,Polyangiaceae,Byssovorax
tag197,Bacteria,Proteobacteria,Deltaproteobacteria,Myxococcales,Nannocystaceae,Plesiocystis
tag268,Bacteria,Proteobacteria,Deltaproteobacteria,Myxococcales,Cystobacteraceae,Anaeromyxobacter
tag353,Bacteria,Proteobacteria,Deltaproteobacteria,Myxococcales,Polyangiaceae,Sorangium
tag374,Bacteria,Proteobacteria,Deltaproteobacteria,Myxococcales,Nannocystaceae,Enhygromyxa
tag556,Bacteria,Proteobacteria,Deltaproteobacteria,Myxococcales,mle1-27,Myxococcales
tag557,Bacteria,Proteobacteria,Deltaproteobacteria,Myxococcales,Nannocystaceae,Nannocystis
tag26,Bacteria,Campylobacterota,Nautiliia,Nautiliales,Nautiliaceae,Lebetimonas
tag432,Bacteria,Campylobacterota,Nautiliia,Nautiliales,Unclassified Nautiliales,Unclassified Nautiliales
tag641,Bacteria,Campylobacterota,Nautiliia,Nautiliales,Nautiliaceae,Nitratifractor
tag648,Bacteria,Campylobacterota,Nautiliia,Nautiliales,Nautiliaceae,Thioreductor
tag649,Bacteria,Campylobacterota,Nautiliia,Nautiliales,Nautiliaceae,Unclassified Nautiliaceae
tag654,Bacteria,Campylobacterota,Nautiliia,Nautiliales,Nautiliaceae,Nautilia
tag736,Bacteria,Campylobacterota,Nautiliia,Nautiliales,Nautiliaceae,Caminibacter
tag737,Bacteria,Campylobacterota,Nautiliia,Nautiliales,Nautiliaceae,Nitratiruptor
tag311,Bacteria,Proteobacteria,Betaproteobacteria,Nitrosomonadales,Gallionellaceae,Gallionella
tag124,Bacteria,Nitrospirota,Nitrospiria,Nitrospirales,Nitrospiraceae,Leptospirillum
tag232,Bacteria,Nitrospirota,Nitrospiria,Nitrospirales,Nitrospiraceae,Thermodesulfovibrio
tag351,Bacteria,Nitrospirota,Nitrospiria,Nitrospirales,Nitrospiraceae,Nitrospira
tag780,Bacteria,Nitrospirota,Nitrospiria,Nitrospirales,Nitrospiraceae,Unclassified Nitrospiraceae
tag28,Bacteria,Proteobacteria,Gammaproteobacteria,Oceanospirillales,SUP05 cluster,bacterium G02etB01
tag49,Bacteria,Proteobacteria,Gammaproteobacteria,Oceanospirillales,Oceanospirillaceae,Unclassified Oceanospirillaceae
tag56,Bacteria,Proteobacteria,Gammaproteobacteria,Oceanospirillales,Alcanivoracaceae,Alcanivorax
tag63,Bacteria,Proteobacteria,Gammaproteobacteria,Oceanospirillales,Halomonadaceae,Unclassified Halomonadaceae
tag86,Bacteria,Proteobacteria,Gammaproteobacteria,Oceanospirillales,Candidatus Ruthia,Candidatus Ruthia
tag108,Bacteria,Proteobacteria,Gammaproteobacteria,Oceanospirillales,Oceanospirillaceae,Amphritea
tag141,Bacteria,Proteobacteria,Gammaproteobacteria,Oceanospirillales,Halomonadaceae,Halomonas
tag149,Bacteria,Proteobacteria,Gammaproteobacteria,Oceanospirillales,Oceanospirillaceae,Marinomonas
tag209,Bacteria,Proteobacteria,Gammaproteobacteria,Oceanospirillales,Oceanospirillaceae,Neptunomonas
tag256,Bacteria,Proteobacteria,Gammaproteobacteria,Oceanospirillales,Alcanivoracaceae,Kangiella
tag269,Bacteria,Proteobacteria,Gammaproteobacteria,Oceanospirillales,Candidatus Vesicomyosocius,Candidatus Vesicomyosocius
tag278,Bacteria,Proteobacteria,Gammaproteobacteria,Oceanospirillales,Oceanospirillaceae,Oceanobacter
tag320,Bacteria,Proteobacteria,Gammaproteobacteria,Oceanospirillales,Oceanospirillaceae,Marinobacterium
tag330,Bacteria,Proteobacteria,Gammaproteobacteria,Oceanospirillales,Alcanivoracaceae,Unclassified Alcanivoracaceae
tag332,Bacteria,Proteobacteria,Gammaproteobacteria,Oceanospirillales,Hahellaceae,Unclassified Hahellaceae
tag387,Bacteria,Proteobacteria,Gammaproteobacteria,Oceanospirillales,Oceanospirillaceae,Thalassolituus
tag559,Bacteria,Proteobacteria,Gammaproteobacteria,Oceanospirillales,Oceanospirillaceae,Nitrincola
tag563,Bacteria,Proteobacteria,Gammaproteobacteria,Oceanospirillales,Oceanospirillaceae,Oceanospirillum
tag770,Bacteria,Proteobacteria,Gammaproteobacteria,Oceanospirillales,Oceanospirillaceae,Neptuniibacter 
tag789,Bacteria,Proteobacteria,Gammaproteobacteria,Oceanospirillales,Unclassified Oceanospirillales,Unclassified Oceanospirillales
tag76,Bacteria,Verrucomicrobia,Opitutae,Opitutales,Opitutaceae,Opitutus
tag441,Bacteria,Verrucomicrobia,Opitutae,Opitutales,Opitutaceae,Alterococcus
tag734,Bacteria,Verrucomicrobia,Opitutae,Opitutales,Opitutaceae,Unclassified Opitutaceae
tag578,Bacteria,Bacteroidota,Cytophagia,Order II Incertae Sedis,Rhodothermaceae,Rubricoccus
tag622,Bacteria,Bacteroidota,Cytophagia,Order II Incertae Sedis,Rhodothermaceae,Unclassified Rhodothermaceae
tag821,Bacteria,Bacteroidota,Cytophagia,Order II Incertae Sedis,Rhodothermaceae,Rhodothermus
tag428,Bacteria,Bacteroidota,Cytophagia,Order III Incertae Sedis,Family Incertae Sedis 2,Unclassified Family Incertae Sedis 2
tag534,Bacteria,Bacteroidota,Cytophagia,Order III Incertae Sedis,Family Incertae Sedis,Gracilimonas
tag604,Bacteria,Bacteroidota,Cytophagia,Order III Incertae Sedis,BIgi5,Unclassified BIgi5
tag17,Bacteria,Bacteroidota,Class Incertae Sedis,Order Incertae Sedis,Family Incertae Sedis,Prolixibacter
tag360,Bacteria,Bacteroidota,Class Incertae Sedis,Order Incertae Sedis,Family Incertae Sedis 1,Unclassified Family Incertae Sedis 1
tag208,Archaea,Nanoarchaeota,Class Incertae Sedis,Order Incertae Sedis,Family Incertae Sedis,Nanoarchaeum
tag392,Archaea,Nanoarchaeota,Class Incertae Sedis,Order Incertae Sedis,Unclassified Order Incertae Sedis,Unclassified Order Incertae Sedis
tag150,Bacteria,Proteobacteria,Class Incertae Sedis,Order Incertae Sedis,Family Incertae Sedis,Mariprofundus
tag452,Bacteria,Chloroflexota,Dehalococcoidia,Order Incertae Sedis,Family Incertae Sedis,Dehalogenimonas
tag587,Bacteria,Proteobacteria,Deltaproteobacteria,Order Incertae Sedis,Syntrophorhabdaceae,Syntrophorhabdus
tag103,Bacteria,Proteobacteria,Gammaproteobacteria,Order Incertae Sedis,Family Incertae Sedis 4,Unclassified Family Incertae Sedis 4
tag233,Bacteria,Proteobacteria,Gammaproteobacteria,Order Incertae Sedis,Family Incertae Sedis,Thioprofundum
tag357,Bacteria,Proteobacteria,Gammaproteobacteria,Order Incertae Sedis,Family Incertae Sedis,Thiohalorhabdus
tag368,Bacteria,Proteobacteria,Gammaproteobacteria,Order Incertae Sedis,Family Incertae Sedis,Arenicella
tag733,Bacteria,Proteobacteria,Gammaproteobacteria,Order Incertae Sedis,Family Incertae Sedis,Unclassified Family Incertae Sedis
tag184,Bacteria,Bacteroidota,Cytophagia,Order IV Incertae Sedis,Family Incertae Sedis,Thermonema
tag119,Bacteria,Proteobacteria,Alphaproteobacteria,Parvularculales,Parvularculaceae,Parvularcula
tag221,Bacteria,Proteobacteria,Gammaproteobacteria,Pasteurellales,Pasteurellaceae,Unclassified Pasteurellaceae
tag695,Bacteria,Planctomycetota,Phycisphaerae,Phycisphaerales,Phycisphaeraceae,Phycisphaera
tag70,Bacteria,Planctomycetota,Planctomycetia,Planctomycetales,Unclassified Planctomycetales,Unclassified Planctomycetales
tag170,Bacteria,Planctomycetota,Planctomycetia,Planctomycetales,Planctomycetaceae,Rhodopirellula
tag457,Bacteria,Planctomycetota,Planctomycetia,Planctomycetales,Planctomycetaceae,Gemmata
tag568,Bacteria,Planctomycetota,Planctomycetia,Planctomycetales,Planctomycetaceae,Pir4 lineage
tag662,Bacteria,Planctomycetota,Planctomycetia,Planctomycetales,Planctomycetaceae,Unclassified Planctomycetaceae
tag815,Bacteria,Planctomycetota,Planctomycetia,Planctomycetales,Planctomycetaceae,Planctomyces
tag12,Bacteria,Actinomycetota,Actinomycetia,Propionibacteriales,Propionibacteriaceae,Unclassified Propionibacteriaceae
tag106,Bacteria,Actinomycetota,Actinomycetia,Propionibacteriales,Propionibacteriaceae,Microlunatus
tag161,Bacteria,Actinomycetota,Actinomycetia,Propionibacteriales,Nocardioidaceae,Unclassified Nocardioidaceae
tag206,Bacteria,Actinomycetota,Actinomycetia,Propionibacteriales,Nocardioidaceae,Aeromicrobium
tag295,Bacteria,Actinomycetota,Actinomycetia,Propionibacteriales,Nocardioidaceae,Nocardioides
tag464,Bacteria,Actinomycetota,Actinomycetia,Propionibacteriales,Propionibacteriaceae,Luteococcus
tag539,Bacteria,Actinomycetota,Actinomycetia,Propionibacteriales,Propionibacteriaceae,Jiangella
tag590,Bacteria,Actinomycetota,Actinomycetia,Propionibacteriales,Propionibacteriaceae,Tessaracoccus
tag618,Bacteria,Actinomycetota,Actinomycetia,Propionibacteriales,Unclassified Propionibacteriales,Unclassified Propionibacteriales
tag731,Bacteria,Actinomycetota,Actinomycetia,Propionibacteriales,Propionibacteriaceae,Propionibacterium
tag164,Bacteria,Proteobacteria,Gammaproteobacteria,Pseudomonadales,Moraxellaceae,Enhydrobacter
tag265,Bacteria,Proteobacteria,Gammaproteobacteria,Pseudomonadales,Pseudomonadaceae,Unclassified Pseudomonadaceae
tag323,Bacteria,Proteobacteria,Gammaproteobacteria,Pseudomonadales,Moraxellaceae,Moraxella
tag341,Bacteria,Proteobacteria,Gammaproteobacteria,Pseudomonadales,Pseudomonadaceae,Cellvibrio
tag440,Bacteria,Proteobacteria,Gammaproteobacteria,Pseudomonadales,Moraxellaceae,Alkanindiges
tag476,Bacteria,Proteobacteria,Gammaproteobacteria,Pseudomonadales,Moraxellaceae,Psychrobacter
tag656,Bacteria,Proteobacteria,Gammaproteobacteria,Pseudomonadales,Pseudomonadaceae,Pseudomonas
tag669,Bacteria,Proteobacteria,Gammaproteobacteria,Pseudomonadales,Moraxellaceae,Unclassified Moraxellaceae
tag675,Bacteria,Proteobacteria,Gammaproteobacteria,Pseudomonadales,Moraxellaceae,Acinetobacter
tag805,Bacteria,Proteobacteria,Gammaproteobacteria,Pseudomonadales,Unclassified Pseudomonadales,Unclassified Pseudomonadales
tag393,Bacteria,Actinomycetota,Actinomycetia,Pseudonocardiales,Pseudonocardiaceae,Unclassified Pseudonocardiaceae
tag732,Bacteria,Actinomycetota,Actinomycetia,Pseudonocardiales,Pseudonocardiaceae,Saccharopolyspora
tag36,Bacteria,Verrucomicrobia,Opitutae,Puniceicoccales,Puniceicoccaceae,Unclassified Puniceicoccaceae
tag93,Bacteria,Verrucomicrobia,Opitutae,Puniceicoccales,Puniceicoccaceae,Pelagicoccus
tag316,Bacteria,Verrucomicrobia,Opitutae,Puniceicoccales,Puniceicoccaceae,Lentimonas
tag343,Bacteria,Verrucomicrobia,Opitutae,Puniceicoccales,Puniceicoccaceae,Coraliomargarita
tag390,Bacteria,Fibrobacteres,Fibrobacteria,R76-B150,haloalkaliphilic bacterium ACht1,Unclassified haloalkaliphilic bacterium ACht1
tag112,Bacteria,Proteobacteria,Alphaproteobacteria,Rhizobiales,Candidatus Liberibacter,Candidatus Liberibacter
tag173,Bacteria,Proteobacteria,Alphaproteobacteria,Rhizobiales,Hyphomicrobiaceae,Unclassified Hyphomicrobiaceae
tag174,Bacteria,Proteobacteria,Alphaproteobacteria,Rhizobiales,Phyllobacteriaceae,Unclassified Phyllobacteriaceae
tag246,Bacteria,Proteobacteria,Alphaproteobacteria,Rhizobiales,Rhizobiaceae,Rhizobium
tag247,Bacteria,Proteobacteria,Alphaproteobacteria,Rhizobiales,Hyphomicrobiaceae,Rhodomicrobium
tag299,Bacteria,Proteobacteria,Alphaproteobacteria,Rhizobiales,Bradyrhizobiaceae,Unclassified Bradyrhizobiaceae
tag315,Bacteria,Proteobacteria,Alphaproteobacteria,Rhizobiales,Rhizobiaceae,Kaistia
tag337,Bacteria,Proteobacteria,Alphaproteobacteria,Rhizobiales,Xanthobacteraceae,Unclassified Xanthobacteraceae
tag352,Bacteria,Proteobacteria,Alphaproteobacteria,Rhizobiales,Bradyrhizobiaceae,Rhodopseudomonas
tag369,Bacteria,Proteobacteria,Alphaproteobacteria,Rhizobiales,Bartonellaceae,Bartonella
tag370,Bacteria,Proteobacteria,Alphaproteobacteria,Rhizobiales,Hyphomicrobiaceae,Blastochloris
tag398,Bacteria,Proteobacteria,Alphaproteobacteria,Rhizobiales,Beijerinckiaceae,Beijerinckia
tag415,Bacteria,Proteobacteria,Alphaproteobacteria,Rhizobiales,Phyllobacteriaceae,Mesorhizobium
tag417,Bacteria,Proteobacteria,Alphaproteobacteria,Rhizobiales,Family Incertae Sedis,Rhizomicrobium
tag455,Bacteria,Proteobacteria,Alphaproteobacteria,Rhizobiales,Hyphomicrobiaceae,Devosia
tag499,Bacteria,Proteobacteria,Alphaproteobacteria,Rhizobiales,Rhizobiaceae,Unclassified Rhizobiaceae
tag537,Bacteria,Proteobacteria,Alphaproteobacteria,Rhizobiales,Hyphomicrobiaceae,Hyphomicrobium
tag564,Bacteria,Proteobacteria,Alphaproteobacteria,Rhizobiales,Hyphomicrobiaceae,Pedomicrobium
tag570,Bacteria,Proteobacteria,Alphaproteobacteria,Rhizobiales,Methylocystaceae,Pleomorphomonas
tag600,Bacteria,Proteobacteria,Alphaproteobacteria,Rhizobiales,alphaI cluster,Unclassified alphaI cluster
tag709,Bacteria,Proteobacteria,Alphaproteobacteria,Rhizobiales,Unclassified Rhizobiales,Unclassified Rhizobiales
tag724,Bacteria,Proteobacteria,Alphaproteobacteria,Rhizobiales,Methylobacteriaceae,Methylobacterium
tag820,Bacteria,Proteobacteria,Alphaproteobacteria,Rhizobiales,Phyllobacteriaceae,Pseudaminobacter
tag122,Bacteria,Proteobacteria,Alphaproteobacteria,Rhodobacterales,Rhodobacteraceae,Nautella
tag382,Bacteria,Proteobacteria,Alphaproteobacteria,Rhodobacterales,Rhodobacteraceae,Phaeobacter
tag416,Bacteria,Proteobacteria,Alphaproteobacteria,Rhodobacterales,Rhodobacteraceae,Pseudovibrio
tag576,Bacteria,Proteobacteria,Alphaproteobacteria,Rhodobacterales,Rhodobacteraceae,Roseobacter clade NAC11-7 lineage
tag577,Bacteria,Proteobacteria,Alphaproteobacteria,Rhodobacterales,Rhodobacteraceae,Rubribacterium
tag764,Bacteria,Proteobacteria,Alphaproteobacteria,Rhodobacterales,Rhodobacteraceae,Unclassified Rhodobacteraceae
tag777,Bacteria,Proteobacteria,Alphaproteobacteria,Rhodobacterales,Rhodobacteraceae,Pseudoruegeria
tag516,Bacteria,Proteobacteria,Betaproteobacteria,Rhodocyclales,Rhodocyclaceae,Denitratisoma
tag620,Bacteria,Proteobacteria,Betaproteobacteria,Rhodocyclales,Rhodocyclaceae,Unclassified Rhodocyclaceae
tag19,Bacteria,Proteobacteria,Alphaproteobacteria,Rhodospirillales,Rhodospirillaceae,Thalassospira
tag155,Bacteria,Proteobacteria,Alphaproteobacteria,Rhodospirillales,Rhodospirillaceae,Unclassified Rhodospirillaceae
tag205,Bacteria,Proteobacteria,Alphaproteobacteria,Rhodospirillales,Acetobacteraceae,Acetobacter
tag267,Bacteria,Proteobacteria,Alphaproteobacteria,Rhodospirillales,Acetobacteraceae,Acidiphilium
tag386,Bacteria,Proteobacteria,Alphaproteobacteria,Rhodospirillales,Acetobacteraceae,Roseomonas
tag418,Bacteria,Proteobacteria,Alphaproteobacteria,Rhodospirillales,Rhodospirillaceae,Rhodovibrio
tag436,Bacteria,Proteobacteria,Alphaproteobacteria,Rhodospirillales,wr0007,Unclassified wr0007
tag465,Bacteria,Proteobacteria,Alphaproteobacteria,Rhodospirillales,Rhodospirillaceae,Magnetospirillum
tag477,Bacteria,Proteobacteria,Alphaproteobacteria,Rhodospirillales,Acetobacteraceae,Rhodopila
tag535,Bacteria,Proteobacteria,Alphaproteobacteria,Rhodospirillales,Acetobacteraceae,Granulibacter
tag538,Bacteria,Proteobacteria,Alphaproteobacteria,Rhodospirillales,Rhodospirillaceae,Insolitispirillum Rhodospirillaceae
tag595,Bacteria,Proteobacteria,Alphaproteobacteria,Rhodospirillales,Acetobacteraceae,Unclassified Acetobacteraceae
tag621,Bacteria,Proteobacteria,Alphaproteobacteria,Rhodospirillales,Unclassified Rhodospirillales,Unclassified Rhodospirillales
tag778,Bacteria,Proteobacteria,Alphaproteobacteria,Rhodospirillales,Rhodospirillaceae,Tistrella
tag110,Bacteria,Proteobacteria,Alphaproteobacteria,Rickettsiales,Rickettsiaceae,Rickettsia
tag239,Bacteria,Proteobacteria,Alphaproteobacteria,Rickettsiales,Anaplasmataceae,Ehrlichia
tag285,Bacteria,Proteobacteria,Alphaproteobacteria,Rickettsiales,Anaplasmataceae,Anaplasma
tag303,Bacteria,Proteobacteria,Alphaproteobacteria,Rickettsiales,Unclassified Rickettsiales,Unclassified Rickettsiales
tag474,Bacteria,Proteobacteria,Alphaproteobacteria,Rickettsiales,Rickettsiaceae,Orientia
tag601,Bacteria,Proteobacteria,Alphaproteobacteria,Rickettsiales,Anaplasmataceae,Unclassified Anaplasmataceae
tag606,Bacteria,Proteobacteria,Alphaproteobacteria,Rickettsiales,Candidatus Midichloria,Unclassified Candidatus Midichloria
tag623,Bacteria,Proteobacteria,Alphaproteobacteria,Rickettsiales,Rickettsiaceae,Unclassified Rickettsiaceae
tag230,Bacteria,Proteobacteria,Gammaproteobacteria,Salinisphaerales,Salinisphaeraceae,Salinisphaera
tag449,Bacteria,Proteobacteria,Alphaproteobacteria,SAR11 clade,Surface 1,Candidatus Pelagibacter
tag201,Bacteria,Proteobacteria,Alphaproteobacteria,Sneathiellales,Sneathiellaceae,Sneathiella
tag282,Bacteria,Actinomycetota,Thermoleophilia,Solirubrobacterales,Solirubrobacteraceae,Solirubrobacter
tag771,Bacteria,Actinomycetota,Thermoleophilia,Solirubrobacterales,Patulibacteraceae,Patulibacter
tag8,Bacteria,Bacteroidota,Sphingobacteriia,Sphingobacteriales,Saprospiraceae,Aureispira
tag20,Bacteria,Bacteroidota,Sphingobacteriia,Sphingobacteriales,Sphingobacteriaceae,Unclassified Sphingobacteriaceae
tag32,Bacteria,Bacteroidota,Sphingobacteriia,Sphingobacteriales,Saprospiraceae,Unclassified Saprospiraceae
tag51,Bacteria,Bacteroidota,Sphingobacteriia,Sphingobacteriales,Sphingobacteriaceae,Pedobacter
tag128,Bacteria,Bacteroidota,Sphingobacteriia,Sphingobacteriales,Sphingobacteriaceae,Mucilaginibacter
tag204,Bacteria,Bacteroidota,Sphingobacteriia,Sphingobacteriales,Unclassified Sphingobacteriales,Unclassified Sphingobacteriales
tag235,Bacteria,Bacteroidota,Sphingobacteriia,Sphingobacteriales,Chitinophagaceae,Unclassified Chitinophagaceae
tag310,Bacteria,Bacteroidota,Sphingobacteriia,Sphingobacteriales,Chitinophagaceae,Filimonas
tag326,Bacteria,Bacteroidota,Sphingobacteriia,Sphingobacteriales,Saprospiraceae,Saprospira
tag327,Bacteria,Bacteroidota,Sphingobacteriia,Sphingobacteriales,Sphingobacteriaceae,Sphingobacterium
tag342,Bacteria,Bacteroidota,Sphingobacteriia,Sphingobacteriales,Chitinophagaceae,Chitinophaga
tag536,Bacteria,Bacteroidota,Sphingobacteriia,Sphingobacteriales,Chitinophagaceae,Hydrotalea
tag562,Bacteria,Bacteroidota,Sphingobacteriia,Sphingobacteriales,Sphingobacteriaceae,Nubsella
tag581,Bacteria,Bacteroidota,Sphingobacteriia,Sphingobacteriales,Sphingobacteriaceae,Solitalea
tag706,Bacteria,Bacteroidota,Sphingobacteriia,Sphingobacteriales,Sphingobacteriaceae,Parapedobacter
tag717,Bacteria,Bacteroidota,Sphingobacteriia,Sphingobacteriales,Saprospiraceae,Lewinella
tag807,Bacteria,Bacteroidota,Sphingobacteriia,Sphingobacteriales,Saprospiraceae,Haliscomenobacter
tag165,Bacteria,Proteobacteria,Alphaproteobacteria,Sphingomonadales,Erythrobacteraceae,Erythrobacter
tag560,Bacteria,Proteobacteria,Alphaproteobacteria,Sphingomonadales,Sphingomonadaceae,Novosphingobium
tag670,Bacteria,Proteobacteria,Alphaproteobacteria,Sphingomonadales,Sphingomonadaceae,Sphingopyxis
tag694,Bacteria,Proteobacteria,Alphaproteobacteria,Sphingomonadales,Unclassified Sphingomonadales,Unclassified Sphingomonadales
tag702,Bacteria,Proteobacteria,Alphaproteobacteria,Sphingomonadales,Sphingomonadaceae,Unclassified Sphingomonadaceae
tag727,Bacteria,Proteobacteria,Alphaproteobacteria,Sphingomonadales,Sphingomonadaceae,Sphingobium
tag751,Bacteria,Proteobacteria,Alphaproteobacteria,Sphingomonadales,Family Incertae Sedis,Kiloniella
tag768,Bacteria,Proteobacteria,Alphaproteobacteria,Sphingomonadales,Sphingomonadaceae,Sphingomonas
tag9,Bacteria,Spirochaetota,Spirochaetia,Spirochaetales,Spirochaetaceae,Unclassified Spirochaetaceae
tag64,Bacteria,Spirochaetota,Spirochaetia,Spirochaetales,Spirochaetaceae,Treponema
tag75,Bacteria,Spirochaetota,Spirochaetia,Spirochaetales,Unclassified Spirochaetales,Unclassified Spirochaetales
tag317,Bacteria,Spirochaetota,Spirochaetia,Spirochaetales,Leptospiraceae,Leptospira
tag614,Bacteria,Spirochaetota,Spirochaetia,Spirochaetales,Leptospiraceae,Unclassified Leptospiraceae
tag707,Bacteria,Spirochaetota,Spirochaetia,Spirochaetales,Spirochaetaceae,Spirochaeta
tag806,Bacteria,Spirochaetota,Spirochaetia,Spirochaetales,Spirochaetaceae,Borrelia
tag61,Bacteria,Actinomycetota,Actinomycetia,Streptomycetales,Streptomycetaceae,Unclassified Streptomycetaceae
tag266,Bacteria,Actinomycetota,Actinomycetia,Streptomycetales,Unclassified Streptomycetales,Unclassified Streptomycetales
tag811,Bacteria,Actinomycetota,Actinomycetia,Streptomycetales,Streptomycetaceae,Streptomyces
tag625,Bacteria,Actinomycetota,Actinomycetia,Streptosporangiales,Streptosporangiaceae,Unclassified Streptosporangiaceae
tag627,Bacteria,Actinomycetota,Actinomycetia,Streptosporangiales,Thermomonosporaceae,Unclassified Thermomonosporaceae
tag48,Bacteria,Cyanobacteria,Cyanobacteria,SubsectionI,FamilyI,Gleocapsa
tag156,Bacteria,Cyanobacteria,Cyanobacteria,SubsectionI,FamilyI,Acaryochloris
tag480,Bacteria,Cyanobacteria,Cyanobacteria,SubsectionI,FamilyI,Synechococcus
tag549,Bacteria,Cyanobacteria,Cyanobacteria,SubsectionI,FamilyI,Merismopedia
tag799,Bacteria,Cyanobacteria,Cyanobacteria,SubsectionI,FamilyI 1,Unclassified FamilyI 1
tag1,Bacteria,Cyanobacteria,Cyanobacteria,SubsectionIII,FamilyI 1,Unclassified FamilyI 1
tag260,Bacteria,Cyanobacteria,Cyanobacteria,SubsectionIII,FamilyI,Phormidium
tag546,Bacteria,Cyanobacteria,Cyanobacteria,SubsectionIII,FamilyI,Lyngbya
tag582,Bacteria,Cyanobacteria,Cyanobacteria,SubsectionIII,FamilyI,Spirulina
tag808,Bacteria,Cyanobacteria,Cyanobacteria,SubsectionIII,FamilyI 2,Unclassified FamilyI 2
tag262,Bacteria,Cyanobacteria,Cyanobacteria,SubsectionIV,FamilyI,Scytonema
tag264,Bacteria,Cyanobacteria,Cyanobacteria,SubsectionIV,FamilyI 3,Unclassified FamilyI 3
tag473,Bacteria,Cyanobacteria,Cyanobacteria,SubsectionIV,FamilyI,Nostoc
tag584,Archaea,Thermoproteota,Thermoprotei,Sulfolobales,Sulfolobaceae,Sulfolobus
tag822,Archaea,Thermoproteota,Thermoprotei,Sulfolobales,Sulfolobaceae,Unclassified Sulfolobaceae
tag92,Bacteria,Synergistota,Synergistia,Synergistales,Synergistaceae,Cloacibacillus
tag200,Bacteria,Synergistota,Synergistia,Synergistales,Synergistaceae,Pyramidobacter
tag525,Bacteria,Synergistota,Synergistia,Synergistales,Synergistaceae,Dethiosulfovibrio
tag540,Bacteria,Synergistota,Synergistia,Synergistales,Synergistaceae,Jonquetella
tag750,Bacteria,Synergistota,Synergistia,Synergistales,Synergistaceae,Thermanaerovibrio
tag80,Bacteria,Proteobacteria,Deltaproteobacteria,Syntrophobacterales,Syntrophaceae,Unclassified Syntrophaceae
tag192,Bacteria,Proteobacteria,Deltaproteobacteria,Syntrophobacterales,Syntrophaceae,Desulfobacca
tag202,Bacteria,Proteobacteria,Deltaproteobacteria,Syntrophobacterales,Syntrophobacteraceae,Syntrophobacter
tag210,Bacteria,Proteobacteria,Deltaproteobacteria,Syntrophobacterales,Syntrophaceae,Syntrophus
tag228,Bacteria,Proteobacteria,Deltaproteobacteria,Syntrophobacterales,Syntrophaceae,Desulfomonile
tag250,Bacteria,Proteobacteria,Deltaproteobacteria,Syntrophobacterales,Unclassified Syntrophobacterales,Unclassified Syntrophobacterales
tag271,Bacteria,Proteobacteria,Deltaproteobacteria,Syntrophobacterales,Syntrophobacteraceae,Desulfacinum
tag354,Bacteria,Proteobacteria,Deltaproteobacteria,Syntrophobacterales,Syntrophobacteraceae,Thermodesulforhabdus
tag478,Bacteria,Proteobacteria,Deltaproteobacteria,Syntrophobacterales,Syntrophaceae,Smithella
tag781,Bacteria,Proteobacteria,Deltaproteobacteria,Syntrophobacterales,Syntrophobacteraceae,Unclassified Syntrophobacteraceae
tag379,Bacteria,Deinococcus-Thermus,Deinococci,Thermales,Thermaceae,Meiothermus
tag114,Bacteria,Bacillota,Clostridia,Thermoanaerobacterales,Thermoanaerobacteraceae,Moorella
tag139,Bacteria,Bacillota,Clostridia,Thermoanaerobacterales,Family III Incertae Sedis,Caldicellulosiruptor
tag212,Bacteria,Bacillota,Clostridia,Thermoanaerobacterales,Family III Incertae Sedis,Unclassified Family III Incertae Sedis
tag251,Bacteria,Bacillota,Clostridia,Thermoanaerobacterales,Thermoanaerobacteraceae,Caldanaerobacter
tag307,Bacteria,Bacillota,Clostridia,Thermoanaerobacterales,Thermodesulfobiaceae,Coprothermobacter
tag319,Bacteria,Bacillota,Clostridia,Thermoanaerobacterales,Family IV Incertae Sedis,Mahella
tag340,Bacteria,Bacillota,Clostridia,Thermoanaerobacterales,Thermoanaerobacteraceae,Carboxydothermus
tag394,Bacteria,Bacillota,Clostridia,Thermoanaerobacterales,Unclassified Thermoanaerobacterales,Unclassified Thermoanaerobacterales
tag586,Bacteria,Bacillota,Clostridia,Thermoanaerobacterales,Thermoanaerobacteraceae,Syntrophaceticus
tag592,Bacteria,Bacillota,Clostridia,Thermoanaerobacterales,Family III Incertae Sedis,Thermoanaerobacterium
tag626,Bacteria,Bacillota,Clostridia,Thermoanaerobacterales,Thermoanaerobacteraceae,Unclassified Thermoanaerobacteraceae
tag817,Bacteria,Bacillota,Clostridia,Thermoanaerobacterales,Thermoanaerobacteraceae,Thermoanaerobacter
tag81,Archaea,Euryarchaeota,Thermococci,Thermococcales,Unclassified Thermococcales,Unclassified Thermococcales
tag482,Archaea,Euryarchaeota,Thermococci,Thermococcales,Thermococcaceae,Thermococcus
tag800,Archaea,Euryarchaeota,Thermococci,Thermococcales,Thermococcaceae,Unclassified Thermococcaceae
tag304,Bacteria,Thermodesulfobacteriota,Thermodesulfobacteria,Thermodesulfobacteriales,Thermodesulfobacteriaceae,Unclassified Thermodesulfobacteriaceae
tag593,Bacteria,Thermodesulfobacteriota,Thermodesulfobacteria,Thermodesulfobacteriales,Thermodesulfobacteriaceae,Thermodesulfobacterium
tag435,Bacteria,Chloroflexota,Ktedonobacteria,Thermogemmatisporales,Thermogemmatisporaceae,Unclassified Thermogemmatisporaceae
tag336,Archaea,Euryarchaeota,Thermoplasmata,Thermoplasmatales,vadinCA11 gut group,Unclassified vadinCA11 gut group
tag429,Archaea,Euryarchaeota,Thermoplasmata,Thermoplasmatales,Ferroplasmaceae,Unclassified Ferroplasmaceae
tag506,Archaea,Euryarchaeota,Thermoplasmata,Thermoplasmatales,vadinCA11 gut group,archaeon PY-11
tag701,Archaea,Euryarchaeota,Thermoplasmata,Thermoplasmatales,Thermoplasmataceae,Thermoplasma
tag767,Archaea,Euryarchaeota,Thermoplasmata,Thermoplasmatales,Unclassified Thermoplasmatales,Unclassified Thermoplasmatales
tag395,Archaea,Thermoproteota,Thermoprotei,Thermoproteales,Unclassified Thermoproteales,Unclassified Thermoproteales
tag628,Archaea,Thermoproteota,Thermoprotei,Thermoproteales,Thermoproteaceae,Unclassified Thermoproteaceae
tag104,Bacteria,Thermotogota,Thermotogae,Thermotogales,Thermotogaceae,Unclassified Thermotogaceae
tag118,Bacteria,Thermotogota,Thermotogae,Thermotogales,Thermotogaceae,Marinitoga
tag229,Bacteria,Thermotogota,Thermotogae,Thermotogales,Thermotogaceae,Fervidobacterium
tag356,Bacteria,Thermotogota,Thermotogae,Thermotogales,Thermotogaceae,Thermotoga
tag375,Bacteria,Thermotogota,Thermotogae,Thermotogales,Thermotogaceae,Geotoga
tag484,Bacteria,Thermotogota,Thermotogae,Thermotogales,Thermotogaceae,Thermosipho
tag528,Bacteria,Thermotogota,Thermotogae,Thermotogales,Thermotogaceae,EM3
tag4,Bacteria,Proteobacteria,Gammaproteobacteria,Thiotrichales,Thiotrichaceae,Candidatus Marithrix
tag60,Bacteria,Proteobacteria,Gammaproteobacteria,Thiotrichales,Thiotrichaceae,Leucothrix
tag79,Bacteria,Proteobacteria,Gammaproteobacteria,Thiotrichales,Unclassified Thiotrichales,Unclassified Thiotrichales
tag99,Bacteria,Proteobacteria,Gammaproteobacteria,Thiotrichales,Piscirickettsiaceae,Thiomicrospira
tag101,Bacteria,Proteobacteria,Gammaproteobacteria,Thiotrichales,Piscirickettsiaceae,Unclassified Piscirickettsiaceae
tag116,Bacteria,Proteobacteria,Gammaproteobacteria,Thiotrichales,Thiotrichaceae,Beggiatoa
tag153,Bacteria,Proteobacteria,Gammaproteobacteria,Thiotrichales,Francisellaceae,Unclassified Francisellaceae
tag244,Bacteria,Proteobacteria,Gammaproteobacteria,Thiotrichales,Piscirickettsiaceae,Methylophaga
tag252,Bacteria,Proteobacteria,Gammaproteobacteria,Thiotrichales,Thiotrichaceae,Candidatus Thiotrichaceae
tag287,Bacteria,Proteobacteria,Gammaproteobacteria,Thiotrichales,Thiotrichaceae,Candidatus Parabeggiatoa
tag297,Bacteria,Proteobacteria,Gammaproteobacteria,Thiotrichales,Thiotrichaceae,Thiomargarita
tag363,Bacteria,Proteobacteria,Gammaproteobacteria,Thiotrichales,Thiotrichaceae,Achromatium
tag383,Bacteria,Proteobacteria,Gammaproteobacteria,Thiotrichales,Piscirickettsiaceae,Piscirickettsia
tag509,Bacteria,Proteobacteria,Gammaproteobacteria,Thiotrichales,Thiotrichaceae,Candidatus Maribeggiatoa
tag585,Bacteria,Proteobacteria,Gammaproteobacteria,Thiotrichales,Piscirickettsiaceae,Sulfurivirga
tag699,Bacteria,Proteobacteria,Gammaproteobacteria,Thiotrichales,Thiotrichaceae,Unclassified Thiotrichaceae
tag719,Bacteria,Proteobacteria,Gammaproteobacteria,Thiotrichales,Thiotrichaceae,Cocleimonas
tag729,Bacteria,Proteobacteria,Gammaproteobacteria,Thiotrichales,Thiotrichaceae,Candidatus
tag787,Bacteria,Proteobacteria,Gammaproteobacteria,Thiotrichales,Francisellaceae,Francisella
tag798,Bacteria,Proteobacteria,Gammaproteobacteria,Thiotrichales,Thiotrichaceae,Thiothrix
tag650,Bacteria,Proteobacteria,Alphaproteobacteria,Unclassified Alphaproteobacteria,Unclassified Alphaproteobacteria,Unclassified Alphaproteobacteria
tag660,Archaea,Unclassified Archaea,Unclassified Archaea,Unclassified Archaea,Unclassified Archaea,Unclassified Archaea
tag78,Bacteria,Bacillota,Bacilli,Unclassified Bacilli,Unclassified Bacilli,Unclassified Bacilli
tag637,Bacteria,Unclassified Bacteria,Unclassified Bacteria,Unclassified Bacteria,Unclassified Bacteria,Unclassified Bacteria
tag645,Bacteria,Bacteroidota,Unclassified Bacteroidetes,Unclassified Bacteroidetes,Unclassified Bacteroidetes,Unclassified Bacteroidetes
tag602,Bacteria,BD1-5,Unclassified BD1-5,Unclassified BD1-5,Unclassified BD1-5,Unclassified BD1-5
tag819,Bacteria,Proteobacteria,Betaproteobacteria,Unclassified Betaproteobacteria,Unclassified Betaproteobacteria,Unclassified Betaproteobacteria
tag752,Bacteria,Candidate division TM7,Unclassified Candidate division TM7,Unclassified Candidate division TM7,Unclassified Candidate division TM7,Unclassified Candidate division TM7
tag426,Bacteria,Chlorobiota,Unclassified Chlorobiota,Unclassified Chlorobiota,Unclassified Chlorobiota,Unclassified Chlorobiota
tag677,Bacteria,Chloroflexota,Unclassified Chloroflexota,Unclassified Chloroflexota,Unclassified Chloroflexota,Unclassified Chloroflexota
tag688,Bacteria,Bacillota,Clostridia,Unclassified Clostridia,Unclassified Clostridia,Unclassified Clostridia
tag802,Bacteria,Cyanobacteria,Cyanobacteria,Unclassified Cyanobacteria,Unclassified Cyanobacteria,Unclassified Cyanobacteria
tag41,Bacteria,Bacteroidota,Cytophagia,Unclassified Cytophagia,Unclassified Cytophagia,Unclassified Cytophagia
tag665,Bacteria,Deinococcus-Thermus,Deinococci,Unclassified Deinococci,Unclassified Deinococci,Unclassified Deinococci
tag647,Bacteria,Proteobacteria,Deltaproteobacteria,Unclassified Deltaproteobacteria,Unclassified Deltaproteobacteria,Unclassified Deltaproteobacteria
tag634,Bacteria,Campylobacterota,Unclassified Campylobacterota,Unclassified Campylobacterota,Unclassified Campylobacterota,Unclassified Campylobacterota
tag666,Archaea,Euryarchaeota,Unclassified Euryarchaeota,Unclassified Euryarchaeota,Unclassified Euryarchaeota,Unclassified Euryarchaeota
tag94,Bacteria,Fibrobacteres,Fibrobacteria,Unclassified Fibrobacteria,Unclassified Fibrobacteria,Unclassified Fibrobacteria
tag683,Bacteria,Bacillota,Unclassified Firmicutes,Unclassified Firmicutes,Unclassified Firmicutes,Unclassified Firmicutes
tag644,Bacteria,Proteobacteria,Gammaproteobacteria,Unclassified Gammaproteobacteria,Unclassified Gammaproteobacteria,Unclassified Gammaproteobacteria
tag497,Bacteria,Chloroflexota,Ktedonobacteria,Unclassified Ktedonobacteria,Unclassified Ktedonobacteria,Unclassified Ktedonobacteria
tag6,Bacteria,Lentisphaerae,Lentisphaeria,Unclassified Lentisphaeria,Unclassified Lentisphaeria,Unclassified Lentisphaeria
tag689,Archaea,Euryarchaeota,Methanomicrobia,Unclassified Methanomicrobia,Unclassified Methanomicrobia,Unclassified Methanomicrobia
tag91,Bacteria,Mycoplasmatota,Mollicutes,Unclassified Mollicutes,Unclassified Mollicutes,Unclassified Mollicutes
tag745,Bacteria,Verrucomicrobia,OPB35 soil group,Unclassified OPB35 soil group,Unclassified OPB35 soil group,Unclassified OPB35 soil group
tag31,Bacteria,Verrucomicrobia,Opitutae,Unclassified Opitutae,Unclassified Opitutae,Unclassified Opitutae
tag713,Bacteria,Planctomycetota,Unclassified Planctomycetota,Unclassified Planctomycetota,Unclassified Planctomycetota,Unclassified Planctomycetota
tag638,Bacteria,Proteobacteria,Unclassified Proteobacteria,Unclassified Proteobacteria,Unclassified Proteobacteria,Unclassified Proteobacteria
tag187,Bacteria,Spirochaetota,Spirochaetia,Unclassified Spirochaetes,Unclassified Spirochaetes,Unclassified Spirochaetes
tag659,Archaea,Thaumarchaeota,Unclassified Thaumarchaeota,Unclassified Thaumarchaeota,Unclassified Thaumarchaeota,Unclassified Thaumarchaeota
tag792,Archaea,Thermoproteota,Thermoprotei,Unclassified Thermoprotei,Unclassified Thermoprotei,Unclassified Thermoprotei
tag812,Bacteria,Verrucomicrobia,Unclassified Verrucomicrobia,Unclassified Verrucomicrobia,Unclassified Verrucomicrobia,Unclassified Verrucomicrobia
tag668,Bacteria,Actinomycetota,Unclussified Actinomycetia,Unclussified Actinomycetia,Unclussified Actinomycetia,Unclussified Actinomycetia
tag34,Bacteria,Verrucomicrobia,Verrucomicrobiae,Verrucomicrobiales,Unclassified Verrucomicrobiales,Unclassified Verrucomicrobiales
tag125,Bacteria,Verrucomicrobia,Verrucomicrobiae,Verrucomicrobiales,Verrucomicrobiaceae,Unclassified Verrucomicrobiaceae
tag171,Bacteria,Verrucomicrobia,Verrucomicrobiae,Verrucomicrobiales,Rubritaleaceae,Rubritalea
tag325,Bacteria,Verrucomicrobia,Verrucomicrobiae,Verrucomicrobiales,Verrucomicrobiaceae,Persicirhabdus
tag504,Bacteria,Verrucomicrobia,Verrucomicrobiae,Verrucomicrobiales,Verrucomicrobiaceae,Akkermansia
tag575,Bacteria,Verrucomicrobia,Verrucomicrobiae,Verrucomicrobiales,Verrucomicrobiaceae,Roseibacillus
tag624,Bacteria,Verrucomicrobia,Verrucomicrobiae,Verrucomicrobiales,Rubritaleaceae,Unclassified Rubritaleaceae
tag629,Bacteria,Verrucomicrobia,Verrucomicrobiae,Verrucomicrobiales,Verrucomicrobiaceae,Verrucomicrobium
tag801,Bacteria,Verrucomicrobia,Verrucomicrobiae,Verrucomicrobiales,Verrucomicrobiaceae,Haloferula
tag65,Bacteria,Proteobacteria,Gammaproteobacteria,Vibrionales,Vibrionaceae,Aliivibrio
tag196,Bacteria,Proteobacteria,Gammaproteobacteria,Vibrionales,Vibrionaceae,Photobacterium
tag739,Bacteria,Proteobacteria,Gammaproteobacteria,Vibrionales,Vibrionaceae,Unclassified Vibrionaceae
tag784,Bacteria,Proteobacteria,Gammaproteobacteria,Vibrionales,Vibrionaceae,Vibrio
tag15,Bacteria,Lentisphaerae,Lentisphaeria,Victivallales,Victivallaceae,Victivallis
tag58,Bacteria,Proteobacteria,Gammaproteobacteria,Xanthomonadales,Xanthomonadaceae,Rhodanobacter
tag152,Bacteria,Proteobacteria,Gammaproteobacteria,Xanthomonadales,Xanthomonadaceae,Pseudoxanthomonas
tag545,Bacteria,Proteobacteria,Gammaproteobacteria,Xanthomonadales,Xanthomonadaceae,Luteibacter
tag671,Bacteria,Proteobacteria,Gammaproteobacteria,Xanthomonadales,Xanthomonadaceae,Unclassified Xanthomonadaceae
tag714,Bacteria,Proteobacteria,Gammaproteobacteria,Xanthomonadales,Xanthomonadaceae,Xanthomonas
tag715,Bacteria,Proteobacteria,Gammaproteobacteria,Xanthomonadales,Xanthomonadaceae,Dyella
tag726,Bacteria,Proteobacteria,Gammaproteobacteria,Xanthomonadales,Xanthomonadaceae,Stenotrophomonas
